[INFO] 2025-12-22 08:05:08,805 views | Entered index view with method=GET
[INFO] 2025-12-22 08:05:08,806 views | Exiting index view
[INFO] 2025-12-22 13:11:56,444 views | Entered index view with method=POST
[DEBUG] 2025-12-22 13:11:56,447 views | POST data: polygon_id=497346, migrate_to_azure=None, migrate_to_db=None, migrate_test_cases_to_db=None, difficulty=, selected_tags=[], new_tag=
[DEBUG] 2025-12-22 13:11:56,447 views | All POST data: {'csrfmiddlewaretoken': ['TwDB3uJXTQNSomOf0nthzRlngOZvsfN65jDJ0haVCjYCr31adpkicwwT7pABa2u1'], 'problem_id': ['497346']}
[INFO] 2025-12-22 13:11:56,447 views | Processing polygon_id=497346
[INFO] 2025-12-22 13:12:54,936 views | Entered index view with method=POST
[DEBUG] 2025-12-22 13:12:54,937 views | POST data: polygon_id=497346, migrate_to_azure=None, migrate_to_db=None, migrate_test_cases_to_db=None, difficulty=, selected_tags=[], new_tag=
[DEBUG] 2025-12-22 13:12:54,937 views | All POST data: {'csrfmiddlewaretoken': ['TwDB3uJXTQNSomOf0nthzRlngOZvsfN65jDJ0haVCjYCr31adpkicwwT7pABa2u1'], 'problem_id': ['497346']}
[INFO] 2025-12-22 13:12:54,937 views | Processing polygon_id=497346
[INFO] 2025-12-22 13:39:45,566 views | Entered index view with method=POST
[DEBUG] 2025-12-22 13:39:45,567 views | POST data: polygon_id=497346, migrate_to_azure=None, migrate_to_db=None, migrate_test_cases_to_db=None, difficulty=, selected_tags=[], new_tag=
[DEBUG] 2025-12-22 13:39:45,567 views | All POST data: {'csrfmiddlewaretoken': ['TwDB3uJXTQNSomOf0nthzRlngOZvsfN65jDJ0haVCjYCr31adpkicwwT7pABa2u1'], 'problem_id': ['497346']}
[INFO] 2025-12-22 13:39:45,567 views | Processing polygon_id=497346
[INFO] 2025-12-22 13:40:08,932 views | Entered index view with method=GET
[INFO] 2025-12-22 13:40:08,933 views | Exiting index view
[INFO] 2025-12-22 13:40:16,020 views | Entered index view with method=POST
[DEBUG] 2025-12-22 13:40:16,021 views | POST data: polygon_id=497346, migrate_to_azure=None, migrate_to_db=None, migrate_test_cases_to_db=None, difficulty=, selected_tags=[], new_tag=
[DEBUG] 2025-12-22 13:40:16,021 views | All POST data: {'csrfmiddlewaretoken': ['wz7O8Ss6yNHAgc2E7aQkwx4el7Pr205C76EaTdkjBNzbRNKjVFZUadde56sE4boh'], 'problem_id': ['497346']}
[INFO] 2025-12-22 13:40:16,021 views | Processing polygon_id=497346
[INFO] 2025-12-22 13:57:37,897 views | Entered index view with method=GET
[INFO] 2025-12-22 13:57:37,899 views | Exiting index view
[INFO] 2025-12-22 13:57:39,778 views | Entered index view with method=GET
[INFO] 2025-12-22 13:57:39,779 views | Exiting index view
[INFO] 2025-12-22 13:57:49,167 views | Entered index view with method=GET
[INFO] 2025-12-22 13:57:49,168 views | Exiting index view
[INFO] 2025-12-22 13:57:54,405 views | Entered index view with method=POST
[DEBUG] 2025-12-22 13:57:54,406 views | POST data: polygon_id=497346, migrate_to_azure=None, migrate_to_db=None, migrate_test_cases_to_db=None, difficulty=, selected_tags=[], new_tag=
[DEBUG] 2025-12-22 13:57:54,407 views | All POST data: {'csrfmiddlewaretoken': ['eLKjuYVUdGXQxWvK1DvCd2jGbC2FVk0NbRPOcr4re3iabwG1c25Wkj6VjbDzHG76'], 'problem_id': ['497346']}
[INFO] 2025-12-22 13:57:54,407 views | Processing polygon_id=497346
[DEBUG] 2025-12-22 13:57:54,409 views | db_problem=None
[INFO] 2025-12-22 13:57:54,409 polygon_api | Fetching problem info for 497346
[INFO] 2025-12-22 13:57:54,837 polygon_api | Polygon problem.info response: {'timeLimit': 1000, 'inputFile': 'stdin', 'outputFile': 'stdout', 'interactive': False, 'memoryLimit': 256}
[DEBUG] 2025-12-22 13:57:54,837 views | Polygon problem info: {'timeLimit': 1000, 'inputFile': 'stdin', 'outputFile': 'stdout', 'interactive': False, 'memoryLimit': 256}
[INFO] 2025-12-22 13:57:54,837 polygon_api | Downloading package for problem 497346
[INFO] 2025-12-22 13:57:54,838 polygon_api | Fetching problem info for 497346
[INFO] 2025-12-22 13:57:55,634 polygon_api | Polygon problem.info response: {'timeLimit': 1000, 'inputFile': 'stdin', 'outputFile': 'stdout', 'interactive': False, 'memoryLimit': 256}
[DEBUG] 2025-12-22 13:57:56,045 polygon_api | Cleaned up temporary directory: /tmp/tmp150leyjj
[ERROR] 2025-12-22 13:57:56,045 views | Exception in index view: Error downloading/extracting package: No packages available for this problem
Traceback (most recent call last):
  File "/home/vaik/Polygon-migration-assignment/Polygon-migration-assignment/PolygonMigration/problems/polygon_api.py", line 157, in download_and_extract_package
    raise Exception("No packages available for this problem")
Exception: No packages available for this problem

During handling of the above exception, another exception occurred:

Traceback (most recent call last):
  File "/home/vaik/Polygon-migration-assignment/Polygon-migration-assignment/PolygonMigration/problems/views.py", line 253, in index
    problem_html_content = api.download_and_extract_package(polygon_id)
                           ^^^^^^^^^^^^^^^^^^^^^^^^^^^^^^^^^^^^^^^^^^^^
  File "/home/vaik/Polygon-migration-assignment/Polygon-migration-assignment/PolygonMigration/problems/polygon_api.py", line 234, in download_and_extract_package
    raise Exception(f"Error downloading/extracting package: {e}")
Exception: Error downloading/extracting package: No packages available for this problem
[INFO] 2025-12-22 15:19:48,559 views | Entered index view with method=POST
[DEBUG] 2025-12-22 15:19:48,560 views | POST data: polygon_id=497346, migrate_to_azure=None, migrate_to_db=None, migrate_test_cases_to_db=None, difficulty=, selected_tags=[], new_tag=
[DEBUG] 2025-12-22 15:19:48,560 views | All POST data: {'csrfmiddlewaretoken': ['eLKjuYVUdGXQxWvK1DvCd2jGbC2FVk0NbRPOcr4re3iabwG1c25Wkj6VjbDzHG76'], 'problem_id': ['497346']}
[INFO] 2025-12-22 15:19:48,560 views | Processing polygon_id=497346
[DEBUG] 2025-12-22 15:19:48,562 views | db_problem=None
[INFO] 2025-12-22 15:19:48,562 polygon_api | Fetching problem info for 497346
[INFO] 2025-12-22 15:19:49,033 polygon_api | Polygon problem.info response: {'timeLimit': 1000, 'inputFile': 'stdin', 'outputFile': 'stdout', 'interactive': False, 'memoryLimit': 256}
[DEBUG] 2025-12-22 15:19:49,033 views | Polygon problem info: {'timeLimit': 1000, 'inputFile': 'stdin', 'outputFile': 'stdout', 'interactive': False, 'memoryLimit': 256}
[INFO] 2025-12-22 15:19:49,033 polygon_api | Downloading package for problem 497346
[INFO] 2025-12-22 15:19:49,034 polygon_api | Fetching problem info for 497346
[INFO] 2025-12-22 15:19:49,445 polygon_api | Polygon problem.info response: {'timeLimit': 1000, 'inputFile': 'stdin', 'outputFile': 'stdout', 'interactive': False, 'memoryLimit': 256}
[INFO] 2025-12-22 15:19:52,792 polygon_api | Successfully read problem.html content, length: 3972 characters
[DEBUG] 2025-12-22 15:19:52,794 polygon_api | Cleaned up temporary directory: /tmp/tmp0fo3r4a6
[DEBUG] 2025-12-22 15:19:52,795 views | Downloaded and extracted problem_html_content, length: 3972
[INFO] 2025-12-22 15:19:52,795 views | Entered parse_problem_html with content length=3972
[DEBUG] 2025-12-22 15:19:52,795 views | Extracted title=Multiply two nums, legend length=61, input_format length=548, output_format length=124
[INFO] 2025-12-22 15:19:52,795 views | Exiting parse_problem_html
[DEBUG] 2025-12-22 15:19:52,795 views | Parsed html_data: {'title': 'Multiply two nums', 'legend': '<p>Given two numbers multiply them and return the answer.</p>', 'input_format': '<p>The first line will contain the number of test cases <span class="tex-font-style-bf"><span class="tex-font-style-it">t</span></span>: 1 &lt;= t &lt;= 10. The next t lines will contain two integers <span class="tex-font-style-bf"><span class="tex-font-style-it">n</span></span> and <span class="tex-font-style-bf"><span class="tex-font-style-it">m</span></span>: 0 &lt;= <span class="tex-font-style-bf"><span class="tex-font-style-it">n</span></span>,<span class="tex-font-style-bf"><span class="tex-font-style-it">m</span></span> &lt;= 1000.</p>', 'output_format': '<p>Print t lines — one line for each test case. For each test case, print a single integer — product of the two numbers.</p>', 'notes': ''}
[INFO] 2025-12-22 15:19:52,795 polygon_api | Fetching all test cases for 497346, testset
[INFO] 2025-12-22 15:19:53,163 polygon_api | Found 13 test cases to process
[INFO] 2025-12-22 15:19:53,163 polygon_api | Processing test case 1/13 (index: 1)
[DEBUG] 2025-12-22 15:19:53,163 polygon_api | Fetching input for test case 1
[DEBUG] 2025-12-22 15:20:32,758 polygon_api | Fetching output for test case 1
[INFO] 2025-12-22 15:20:33,372 polygon_api | Successfully fetched test case 1 - Input length: 8, Output length: 3
[INFO] 2025-12-22 15:20:33,373 polygon_api | Processing test case 2/13 (index: 2)
[DEBUG] 2025-12-22 15:20:33,373 polygon_api | Fetching input for test case 2
[DEBUG] 2025-12-22 15:20:34,089 polygon_api | Fetching output for test case 2
[INFO] 2025-12-22 15:20:34,602 polygon_api | Successfully fetched test case 2 - Input length: 20, Output length: 11
[INFO] 2025-12-22 15:20:34,602 polygon_api | Processing test case 3/13 (index: 3)
[DEBUG] 2025-12-22 15:20:34,602 polygon_api | Fetching input for test case 3
[DEBUG] 2025-12-22 15:20:35,114 polygon_api | Fetching output for test case 3
[INFO] 2025-12-22 15:20:35,523 polygon_api | Successfully fetched test case 3 - Input length: 38, Output length: 26
[INFO] 2025-12-22 15:20:35,524 polygon_api | Processing test case 4/13 (index: 4)
[DEBUG] 2025-12-22 15:20:35,524 polygon_api | Fetching input for test case 4
[DEBUG] 2025-12-22 15:20:36,030 polygon_api | Fetching output for test case 4
[INFO] 2025-12-22 15:20:36,455 polygon_api | Successfully fetched test case 4 - Input length: 73, Output length: 48
[INFO] 2025-12-22 15:20:36,455 polygon_api | Processing test case 5/13 (index: 5)
[DEBUG] 2025-12-22 15:20:36,455 polygon_api | Fetching input for test case 5
[DEBUG] 2025-12-22 15:20:37,057 polygon_api | Fetching output for test case 5
[INFO] 2025-12-22 15:20:37,484 polygon_api | Successfully fetched test case 5 - Input length: 52, Output length: 34
[INFO] 2025-12-22 15:20:37,484 polygon_api | Processing test case 6/13 (index: 6)
[DEBUG] 2025-12-22 15:20:37,484 polygon_api | Fetching input for test case 6
[DEBUG] 2025-12-22 15:20:37,936 polygon_api | Fetching output for test case 6
[INFO] 2025-12-22 15:20:38,365 polygon_api | Successfully fetched test case 6 - Input length: 76, Output length: 60
[INFO] 2025-12-22 15:20:38,365 polygon_api | Processing test case 7/13 (index: 7)
[DEBUG] 2025-12-22 15:20:38,365 polygon_api | Fetching input for test case 7
[DEBUG] 2025-12-22 15:20:38,812 polygon_api | Fetching output for test case 7
[INFO] 2025-12-22 15:20:39,230 polygon_api | Successfully fetched test case 7 - Input length: 51, Output length: 33
[INFO] 2025-12-22 15:20:39,230 polygon_api | Processing test case 8/13 (index: 8)
[DEBUG] 2025-12-22 15:20:39,230 polygon_api | Fetching input for test case 8
[DEBUG] 2025-12-22 15:20:39,678 polygon_api | Fetching output for test case 8
[INFO] 2025-12-22 15:20:40,131 polygon_api | Successfully fetched test case 8 - Input length: 20, Output length: 14
[INFO] 2025-12-22 15:20:40,131 polygon_api | Processing test case 9/13 (index: 9)
[DEBUG] 2025-12-22 15:20:40,132 polygon_api | Fetching input for test case 9
[DEBUG] 2025-12-22 15:20:40,643 polygon_api | Fetching output for test case 9
[INFO] 2025-12-22 15:20:41,155 polygon_api | Successfully fetched test case 9 - Input length: 45, Output length: 34
[INFO] 2025-12-22 15:20:41,155 polygon_api | Processing test case 10/13 (index: 10)
[DEBUG] 2025-12-22 15:20:41,155 polygon_api | Fetching input for test case 10
[DEBUG] 2025-12-22 15:20:41,667 polygon_api | Fetching output for test case 10
[INFO] 2025-12-22 15:20:42,078 polygon_api | Successfully fetched test case 10 - Input length: 35, Output length: 18
[INFO] 2025-12-22 15:20:42,078 polygon_api | Processing test case 11/13 (index: 11)
[DEBUG] 2025-12-22 15:20:42,078 polygon_api | Fetching input for test case 11
[DEBUG] 2025-12-22 15:20:42,590 polygon_api | Fetching output for test case 11
[INFO] 2025-12-22 15:20:43,000 polygon_api | Successfully fetched test case 11 - Input length: 56, Output length: 38
[INFO] 2025-12-22 15:20:43,000 polygon_api | Processing test case 12/13 (index: 12)
[DEBUG] 2025-12-22 15:20:43,000 polygon_api | Fetching input for test case 12
[DEBUG] 2025-12-22 15:20:43,819 polygon_api | Fetching output for test case 12
[INFO] 2025-12-22 15:20:44,223 polygon_api | Successfully fetched test case 12 - Input length: 32, Output length: 19
[INFO] 2025-12-22 15:20:44,223 polygon_api | Processing test case 13/13 (index: 13)
[DEBUG] 2025-12-22 15:20:44,223 polygon_api | Fetching input for test case 13
[DEBUG] 2025-12-22 15:20:44,651 polygon_api | Fetching output for test case 13
[INFO] 2025-12-22 15:20:45,148 polygon_api | Successfully fetched test case 13 - Input length: 18, Output length: 11
[INFO] 2025-12-22 15:20:45,148 polygon_api | Completed fetching all 13 test cases for problem 497346
[DEBUG] 2025-12-22 15:20:45,149 views | Fetched all test cases.
[INFO] 2025-12-22 15:22:23,423 views | Entered index view with method=POST
[DEBUG] 2025-12-22 15:22:23,425 views | POST data: polygon_id=497346, migrate_to_azure=None, migrate_to_db=None, migrate_test_cases_to_db=None, difficulty=, selected_tags=[], new_tag=
[DEBUG] 2025-12-22 15:22:23,425 views | All POST data: {'csrfmiddlewaretoken': ['eLKjuYVUdGXQxWvK1DvCd2jGbC2FVk0NbRPOcr4re3iabwG1c25Wkj6VjbDzHG76'], 'problem_id': ['497346']}
[INFO] 2025-12-22 15:22:23,425 views | Processing polygon_id=497346
[DEBUG] 2025-12-22 15:22:23,426 views | db_problem=None
[INFO] 2025-12-22 15:22:23,426 polygon_api | Fetching problem info for 497346
[INFO] 2025-12-22 15:22:23,964 polygon_api | Polygon problem.info response: {'timeLimit': 1000, 'inputFile': 'stdin', 'outputFile': 'stdout', 'interactive': False, 'memoryLimit': 256}
[DEBUG] 2025-12-22 15:22:23,965 views | Polygon problem info: {'timeLimit': 1000, 'inputFile': 'stdin', 'outputFile': 'stdout', 'interactive': False, 'memoryLimit': 256}
[INFO] 2025-12-22 15:22:23,965 polygon_api | Downloading package for problem 497346
[INFO] 2025-12-22 15:22:23,965 polygon_api | Fetching problem info for 497346
[INFO] 2025-12-22 15:22:24,476 polygon_api | Polygon problem.info response: {'timeLimit': 1000, 'inputFile': 'stdin', 'outputFile': 'stdout', 'interactive': False, 'memoryLimit': 256}
[INFO] 2025-12-22 15:22:28,158 polygon_api | Successfully read problem.html content, length: 3972 characters
[DEBUG] 2025-12-22 15:22:28,161 polygon_api | Cleaned up temporary directory: /tmp/tmpk5slcsit
[DEBUG] 2025-12-22 15:22:28,161 views | Downloaded and extracted problem_html_content, length: 3972
[INFO] 2025-12-22 15:22:28,161 views | Entered parse_problem_html with content length=3972
[DEBUG] 2025-12-22 15:22:28,162 views | Extracted title=Multiply two nums, legend length=61, input_format length=548, output_format length=124
[INFO] 2025-12-22 15:22:28,162 views | Exiting parse_problem_html
[DEBUG] 2025-12-22 15:22:28,162 views | Parsed html_data: {'title': 'Multiply two nums', 'legend': '<p>Given two numbers multiply them and return the answer.</p>', 'input_format': '<p>The first line will contain the number of test cases <span class="tex-font-style-bf"><span class="tex-font-style-it">t</span></span>: 1 &lt;= t &lt;= 10. The next t lines will contain two integers <span class="tex-font-style-bf"><span class="tex-font-style-it">n</span></span> and <span class="tex-font-style-bf"><span class="tex-font-style-it">m</span></span>: 0 &lt;= <span class="tex-font-style-bf"><span class="tex-font-style-it">n</span></span>,<span class="tex-font-style-bf"><span class="tex-font-style-it">m</span></span> &lt;= 1000.</p>', 'output_format': '<p>Print t lines — one line for each test case. For each test case, print a single integer — product of the two numbers.</p>', 'notes': ''}
[INFO] 2025-12-22 15:22:28,162 polygon_api | Fetching all test cases for 497346, testset
[INFO] 2025-12-22 15:22:28,526 polygon_api | Found 13 test cases to process
[INFO] 2025-12-22 15:22:28,527 polygon_api | Processing test case 1/13 (index: 1)
[DEBUG] 2025-12-22 15:22:28,527 polygon_api | Fetching input for test case 1
[DEBUG] 2025-12-22 15:22:29,182 polygon_api | Fetching output for test case 1
[INFO] 2025-12-22 15:22:29,762 polygon_api | Successfully fetched test case 1 - Input length: 8, Output length: 3
[INFO] 2025-12-22 15:22:29,762 polygon_api | Processing test case 2/13 (index: 2)
[DEBUG] 2025-12-22 15:22:29,762 polygon_api | Fetching input for test case 2
[DEBUG] 2025-12-22 15:22:30,213 polygon_api | Fetching output for test case 2
[INFO] 2025-12-22 15:22:30,792 polygon_api | Successfully fetched test case 2 - Input length: 20, Output length: 11
[INFO] 2025-12-22 15:22:30,793 polygon_api | Processing test case 3/13 (index: 3)
[DEBUG] 2025-12-22 15:22:30,793 polygon_api | Fetching input for test case 3
[DEBUG] 2025-12-22 15:22:31,285 polygon_api | Fetching output for test case 3
[INFO] 2025-12-22 15:22:31,692 polygon_api | Successfully fetched test case 3 - Input length: 38, Output length: 26
[INFO] 2025-12-22 15:22:31,692 polygon_api | Processing test case 4/13 (index: 4)
[DEBUG] 2025-12-22 15:22:31,692 polygon_api | Fetching input for test case 4
[DEBUG] 2025-12-22 15:22:32,258 polygon_api | Fetching output for test case 4
[INFO] 2025-12-22 15:22:32,977 polygon_api | Successfully fetched test case 4 - Input length: 73, Output length: 48
[INFO] 2025-12-22 15:22:32,978 polygon_api | Processing test case 5/13 (index: 5)
[DEBUG] 2025-12-22 15:22:32,978 polygon_api | Fetching input for test case 5
[DEBUG] 2025-12-22 15:22:33,482 polygon_api | Fetching output for test case 5
[INFO] 2025-12-22 15:22:34,300 polygon_api | Successfully fetched test case 5 - Input length: 52, Output length: 34
[INFO] 2025-12-22 15:22:34,301 polygon_api | Processing test case 6/13 (index: 6)
[DEBUG] 2025-12-22 15:22:34,301 polygon_api | Fetching input for test case 6
[DEBUG] 2025-12-22 15:22:35,023 polygon_api | Fetching output for test case 6
[INFO] 2025-12-22 15:22:35,535 polygon_api | Successfully fetched test case 6 - Input length: 76, Output length: 60
[INFO] 2025-12-22 15:22:35,535 polygon_api | Processing test case 7/13 (index: 7)
[DEBUG] 2025-12-22 15:22:35,535 polygon_api | Fetching input for test case 7
[DEBUG] 2025-12-22 15:22:36,046 polygon_api | Fetching output for test case 7
[INFO] 2025-12-22 15:22:36,559 polygon_api | Successfully fetched test case 7 - Input length: 51, Output length: 33
[INFO] 2025-12-22 15:22:36,559 polygon_api | Processing test case 8/13 (index: 8)
[DEBUG] 2025-12-22 15:22:36,559 polygon_api | Fetching input for test case 8
[DEBUG] 2025-12-22 15:22:37,050 polygon_api | Fetching output for test case 8
[INFO] 2025-12-22 15:22:37,704 polygon_api | Successfully fetched test case 8 - Input length: 20, Output length: 14
[INFO] 2025-12-22 15:22:37,705 polygon_api | Processing test case 9/13 (index: 9)
[DEBUG] 2025-12-22 15:22:37,705 polygon_api | Fetching input for test case 9
[DEBUG] 2025-12-22 15:22:38,274 polygon_api | Fetching output for test case 9
[INFO] 2025-12-22 15:22:38,774 polygon_api | Successfully fetched test case 9 - Input length: 45, Output length: 34
[INFO] 2025-12-22 15:22:38,774 polygon_api | Processing test case 10/13 (index: 10)
[DEBUG] 2025-12-22 15:22:38,774 polygon_api | Fetching input for test case 10
[DEBUG] 2025-12-22 15:22:39,250 polygon_api | Fetching output for test case 10
[INFO] 2025-12-22 15:22:39,707 polygon_api | Successfully fetched test case 10 - Input length: 35, Output length: 18
[INFO] 2025-12-22 15:22:39,707 polygon_api | Processing test case 11/13 (index: 11)
[DEBUG] 2025-12-22 15:22:39,707 polygon_api | Fetching input for test case 11
[DEBUG] 2025-12-22 15:22:40,348 polygon_api | Fetching output for test case 11
[INFO] 2025-12-22 15:22:40,860 polygon_api | Successfully fetched test case 11 - Input length: 56, Output length: 38
[INFO] 2025-12-22 15:22:40,860 polygon_api | Processing test case 12/13 (index: 12)
[DEBUG] 2025-12-22 15:22:40,860 polygon_api | Fetching input for test case 12
[DEBUG] 2025-12-22 15:22:41,371 polygon_api | Fetching output for test case 12
[INFO] 2025-12-22 15:22:41,885 polygon_api | Successfully fetched test case 12 - Input length: 32, Output length: 19
[INFO] 2025-12-22 15:22:41,885 polygon_api | Processing test case 13/13 (index: 13)
[DEBUG] 2025-12-22 15:22:41,885 polygon_api | Fetching input for test case 13
[DEBUG] 2025-12-22 15:22:42,391 polygon_api | Fetching output for test case 13
[INFO] 2025-12-22 15:22:43,446 polygon_api | Successfully fetched test case 13 - Input length: 18, Output length: 11
[INFO] 2025-12-22 15:22:43,446 polygon_api | Completed fetching all 13 test cases for problem 497346
[DEBUG] 2025-12-22 15:22:43,446 views | Fetched all test cases.
[ERROR] 2025-12-22 15:28:37,908 polygon_api | Error storing test cases in Redis for polygon_id 497346: Error 8 connecting to localhost:6379. [SSL: UNEXPECTED_EOF_WHILE_READING] EOF occurred in violation of protocol (_ssl.c:1000).
[DEBUG] 2025-12-22 15:28:38,328 views | checker_type=checker.cpp
[INFO] 2025-12-22 15:28:38,329 polygon_api | Fetching custom checker info for problem 497346
[DEBUG] 2025-12-22 15:28:38,845 polygon_api | Raw checker info: checker.cpp
[INFO] 2025-12-22 15:28:38,846 polygon_api | Custom checker detected: {'name': 'checker.cpp', 'type': 'custom'}
[INFO] 2025-12-22 15:28:38,846 polygon_api | Fetching test cases for 497346, testset
[DEBUG] 2025-12-22 15:28:39,256 views | test_case_count=13
[INFO] 2025-12-22 15:28:39,257 views | Exiting index view
[INFO] 2025-12-23 07:46:23,922 views | Entered index view with method=GET
[INFO] 2025-12-23 07:46:23,925 views | Exiting index view
[INFO] 2025-12-23 07:46:27,975 views | Entered index view with method=POST
[DEBUG] 2025-12-23 07:46:27,977 views | POST data: polygon_id=497346, migrate_to_azure=None, migrate_to_db=None, migrate_test_cases_to_db=None, difficulty=, selected_tags=[], new_tag=
[DEBUG] 2025-12-23 07:46:27,977 views | All POST data: {'csrfmiddlewaretoken': ['pY6SpnKmXSwSGbm0GnxPv0BNAwKogYrum4bn7QTTYfRckLxhRM79Cho2I5li2kyN'], 'problem_id': ['497346']}
[INFO] 2025-12-23 07:46:27,977 views | Processing polygon_id=497346
[DEBUG] 2025-12-23 07:46:27,980 views | db_problem=None
[INFO] 2025-12-23 07:46:27,980 polygon_api | Fetching problem info for 497346
[INFO] 2025-12-23 07:46:28,391 polygon_api | Polygon problem.info response: {'timeLimit': 1000, 'inputFile': 'stdin', 'outputFile': 'stdout', 'interactive': False, 'memoryLimit': 256}
[DEBUG] 2025-12-23 07:46:28,392 views | Polygon problem info: {'timeLimit': 1000, 'inputFile': 'stdin', 'outputFile': 'stdout', 'interactive': False, 'memoryLimit': 256}
[INFO] 2025-12-23 07:46:28,392 polygon_api | Downloading package for problem 497346
[INFO] 2025-12-23 07:46:28,392 polygon_api | Fetching problem info for 497346
[INFO] 2025-12-23 07:46:28,697 polygon_api | Polygon problem.info response: {'timeLimit': 1000, 'inputFile': 'stdin', 'outputFile': 'stdout', 'interactive': False, 'memoryLimit': 256}
[INFO] 2025-12-23 07:46:30,842 polygon_api | Successfully read problem.html content, length: 3972 characters
[DEBUG] 2025-12-23 07:46:30,845 polygon_api | Cleaned up temporary directory: /tmp/tmpz6d0ge7h
[DEBUG] 2025-12-23 07:46:30,845 views | Downloaded and extracted problem_html_content, length: 3972
[INFO] 2025-12-23 07:46:30,845 views | Entered parse_problem_html with content length=3972
[DEBUG] 2025-12-23 07:46:30,848 views | Extracted title=Multiply two nums, legend length=61, input_format length=548, output_format length=124
[INFO] 2025-12-23 07:46:30,848 views | Exiting parse_problem_html
[DEBUG] 2025-12-23 07:46:30,848 views | Parsed html_data: {'title': 'Multiply two nums', 'legend': '<p>Given two numbers multiply them and return the answer.</p>', 'input_format': '<p>The first line will contain the number of test cases <span class="tex-font-style-bf"><span class="tex-font-style-it">t</span></span>: 1 &lt;= t &lt;= 10. The next t lines will contain two integers <span class="tex-font-style-bf"><span class="tex-font-style-it">n</span></span> and <span class="tex-font-style-bf"><span class="tex-font-style-it">m</span></span>: 0 &lt;= <span class="tex-font-style-bf"><span class="tex-font-style-it">n</span></span>,<span class="tex-font-style-bf"><span class="tex-font-style-it">m</span></span> &lt;= 1000.</p>', 'output_format': '<p>Print t lines — one line for each test case. For each test case, print a single integer — product of the two numbers.</p>', 'notes': ''}
[INFO] 2025-12-23 07:46:30,848 polygon_api | Fetching all test cases for 497346, testset
[INFO] 2025-12-23 07:46:31,196 polygon_api | Found 13 test cases to process
[INFO] 2025-12-23 07:46:31,196 polygon_api | Processing test case 1/13 (index: 1)
[DEBUG] 2025-12-23 07:46:31,196 polygon_api | Fetching input for test case 1
[DEBUG] 2025-12-23 07:46:43,950 polygon_api | Fetching output for test case 1
[INFO] 2025-12-23 07:46:44,370 polygon_api | Successfully fetched test case 1 - Input length: 8, Output length: 3
[INFO] 2025-12-23 07:46:44,370 polygon_api | Processing test case 2/13 (index: 2)
[DEBUG] 2025-12-23 07:46:44,370 polygon_api | Fetching input for test case 2
[DEBUG] 2025-12-23 07:46:45,498 polygon_api | Fetching output for test case 2
[INFO] 2025-12-23 07:46:46,009 polygon_api | Successfully fetched test case 2 - Input length: 20, Output length: 11
[INFO] 2025-12-23 07:46:46,009 polygon_api | Processing test case 3/13 (index: 3)
[DEBUG] 2025-12-23 07:46:46,009 polygon_api | Fetching input for test case 3
[DEBUG] 2025-12-23 07:46:48,554 polygon_api | Fetching output for test case 3
[INFO] 2025-12-23 07:46:49,174 polygon_api | Successfully fetched test case 3 - Input length: 38, Output length: 26
[INFO] 2025-12-23 07:46:49,174 polygon_api | Processing test case 4/13 (index: 4)
[DEBUG] 2025-12-23 07:46:49,175 polygon_api | Fetching input for test case 4
[DEBUG] 2025-12-23 07:46:51,743 polygon_api | Fetching output for test case 4
[INFO] 2025-12-23 07:46:52,053 polygon_api | Successfully fetched test case 4 - Input length: 73, Output length: 48
[INFO] 2025-12-23 07:46:52,053 polygon_api | Processing test case 5/13 (index: 5)
[DEBUG] 2025-12-23 07:46:52,053 polygon_api | Fetching input for test case 5
[DEBUG] 2025-12-23 07:46:53,382 polygon_api | Fetching output for test case 5
[INFO] 2025-12-23 07:46:53,690 polygon_api | Successfully fetched test case 5 - Input length: 52, Output length: 34
[INFO] 2025-12-23 07:46:53,690 polygon_api | Processing test case 6/13 (index: 6)
[DEBUG] 2025-12-23 07:46:53,690 polygon_api | Fetching input for test case 6
[DEBUG] 2025-12-23 07:46:54,612 polygon_api | Fetching output for test case 6
[INFO] 2025-12-23 07:46:54,920 polygon_api | Successfully fetched test case 6 - Input length: 76, Output length: 60
[INFO] 2025-12-23 07:46:54,920 polygon_api | Processing test case 7/13 (index: 7)
[DEBUG] 2025-12-23 07:46:54,920 polygon_api | Fetching input for test case 7
[DEBUG] 2025-12-23 07:46:55,739 polygon_api | Fetching output for test case 7
[INFO] 2025-12-23 07:46:56,037 polygon_api | Successfully fetched test case 7 - Input length: 51, Output length: 33
[INFO] 2025-12-23 07:46:56,037 polygon_api | Processing test case 8/13 (index: 8)
[DEBUG] 2025-12-23 07:46:56,037 polygon_api | Fetching input for test case 8
[DEBUG] 2025-12-23 07:46:56,866 polygon_api | Fetching output for test case 8
[INFO] 2025-12-23 07:46:57,173 polygon_api | Successfully fetched test case 8 - Input length: 20, Output length: 14
[INFO] 2025-12-23 07:46:57,173 polygon_api | Processing test case 9/13 (index: 9)
[DEBUG] 2025-12-23 07:46:57,173 polygon_api | Fetching input for test case 9
[DEBUG] 2025-12-23 07:46:59,734 polygon_api | Fetching output for test case 9
[INFO] 2025-12-23 07:47:00,040 polygon_api | Successfully fetched test case 9 - Input length: 45, Output length: 34
[INFO] 2025-12-23 07:47:00,040 polygon_api | Processing test case 10/13 (index: 10)
[DEBUG] 2025-12-23 07:47:00,040 polygon_api | Fetching input for test case 10
[DEBUG] 2025-12-23 07:47:00,877 polygon_api | Fetching output for test case 10
[INFO] 2025-12-23 07:47:01,158 polygon_api | Successfully fetched test case 10 - Input length: 35, Output length: 18
[INFO] 2025-12-23 07:47:01,159 polygon_api | Processing test case 11/13 (index: 11)
[DEBUG] 2025-12-23 07:47:01,159 polygon_api | Fetching input for test case 11
[DEBUG] 2025-12-23 07:47:03,322 polygon_api | Fetching output for test case 11
[INFO] 2025-12-23 07:47:03,728 polygon_api | Successfully fetched test case 11 - Input length: 56, Output length: 38
[INFO] 2025-12-23 07:47:03,728 polygon_api | Processing test case 12/13 (index: 12)
[DEBUG] 2025-12-23 07:47:03,728 polygon_api | Fetching input for test case 12
[DEBUG] 2025-12-23 07:47:04,959 polygon_api | Fetching output for test case 12
[INFO] 2025-12-23 07:47:05,368 polygon_api | Successfully fetched test case 12 - Input length: 32, Output length: 19
[INFO] 2025-12-23 07:47:05,368 polygon_api | Processing test case 13/13 (index: 13)
[DEBUG] 2025-12-23 07:47:05,369 polygon_api | Fetching input for test case 13
[DEBUG] 2025-12-23 07:47:06,494 polygon_api | Fetching output for test case 13
[INFO] 2025-12-23 07:47:06,802 polygon_api | Successfully fetched test case 13 - Input length: 18, Output length: 11
[INFO] 2025-12-23 07:47:06,802 polygon_api | Completed fetching all 13 test cases for problem 497346
[DEBUG] 2025-12-23 07:47:06,802 views | Fetched all test cases.
[INFO] 2025-12-23 08:57:10,610 views | Entered index view with method=POST
[DEBUG] 2025-12-23 08:57:10,611 views | POST data: polygon_id=497346, migrate_to_azure=None, migrate_to_db=None, migrate_test_cases_to_db=None, difficulty=, selected_tags=[], new_tag=
[DEBUG] 2025-12-23 08:57:10,611 views | All POST data: {'csrfmiddlewaretoken': ['pY6SpnKmXSwSGbm0GnxPv0BNAwKogYrum4bn7QTTYfRckLxhRM79Cho2I5li2kyN'], 'problem_id': ['497346']}
[INFO] 2025-12-23 08:57:10,611 views | Processing polygon_id=497346
[DEBUG] 2025-12-23 08:57:10,613 views | db_problem=None
[INFO] 2025-12-23 08:57:10,613 polygon_api | Fetching problem info for 497346
[INFO] 2025-12-23 08:57:10,951 polygon_api | Polygon problem.info response: {'timeLimit': 1000, 'inputFile': 'stdin', 'outputFile': 'stdout', 'interactive': False, 'memoryLimit': 256}
[DEBUG] 2025-12-23 08:57:10,951 views | Polygon problem info: {'timeLimit': 1000, 'inputFile': 'stdin', 'outputFile': 'stdout', 'interactive': False, 'memoryLimit': 256}
[INFO] 2025-12-23 08:57:10,951 polygon_api | Downloading package for problem 497346
[INFO] 2025-12-23 08:57:10,952 polygon_api | Fetching problem info for 497346
[INFO] 2025-12-23 08:57:11,264 polygon_api | Polygon problem.info response: {'timeLimit': 1000, 'inputFile': 'stdin', 'outputFile': 'stdout', 'interactive': False, 'memoryLimit': 256}
[INFO] 2025-12-23 08:57:13,546 polygon_api | Successfully read problem.html content, length: 3972 characters
[DEBUG] 2025-12-23 08:57:13,548 polygon_api | Cleaned up temporary directory: /tmp/tmp45lkmxh9
[DEBUG] 2025-12-23 08:57:13,548 views | Downloaded and extracted problem_html_content, length: 3972
[INFO] 2025-12-23 08:57:13,548 views | Entered parse_problem_html with content length=3972
[DEBUG] 2025-12-23 08:57:13,549 views | Extracted title=Multiply two nums, legend length=61, input_format length=548, output_format length=124
[INFO] 2025-12-23 08:57:13,549 views | Exiting parse_problem_html
[DEBUG] 2025-12-23 08:57:13,549 views | Parsed html_data: {'title': 'Multiply two nums', 'legend': '<p>Given two numbers multiply them and return the answer.</p>', 'input_format': '<p>The first line will contain the number of test cases <span class="tex-font-style-bf"><span class="tex-font-style-it">t</span></span>: 1 &lt;= t &lt;= 10. The next t lines will contain two integers <span class="tex-font-style-bf"><span class="tex-font-style-it">n</span></span> and <span class="tex-font-style-bf"><span class="tex-font-style-it">m</span></span>: 0 &lt;= <span class="tex-font-style-bf"><span class="tex-font-style-it">n</span></span>,<span class="tex-font-style-bf"><span class="tex-font-style-it">m</span></span> &lt;= 1000.</p>', 'output_format': '<p>Print t lines — one line for each test case. For each test case, print a single integer — product of the two numbers.</p>', 'notes': ''}
[INFO] 2025-12-23 08:57:13,549 polygon_api | Fetching all test cases for 497346, testset
[INFO] 2025-12-23 08:57:13,824 polygon_api | Found 13 test cases to process
[INFO] 2025-12-23 08:57:13,824 polygon_api | Processing test case 1/13 (index: 1)
[DEBUG] 2025-12-23 08:57:13,824 polygon_api | Fetching input for test case 1
[DEBUG] 2025-12-23 08:57:14,116 polygon_api | Fetching output for test case 1
[INFO] 2025-12-23 08:57:14,415 polygon_api | Successfully fetched test case 1 - Input length: 8, Output length: 3
[INFO] 2025-12-23 08:57:14,415 polygon_api | Processing test case 2/13 (index: 2)
[DEBUG] 2025-12-23 08:57:14,415 polygon_api | Fetching input for test case 2
[DEBUG] 2025-12-23 08:57:14,716 polygon_api | Fetching output for test case 2
[INFO] 2025-12-23 08:57:15,005 polygon_api | Successfully fetched test case 2 - Input length: 20, Output length: 11
[INFO] 2025-12-23 08:57:15,005 polygon_api | Processing test case 3/13 (index: 3)
[DEBUG] 2025-12-23 08:57:15,005 polygon_api | Fetching input for test case 3
[DEBUG] 2025-12-23 08:57:15,304 polygon_api | Fetching output for test case 3
[INFO] 2025-12-23 08:57:15,630 polygon_api | Successfully fetched test case 3 - Input length: 38, Output length: 26
[INFO] 2025-12-23 08:57:15,630 polygon_api | Processing test case 4/13 (index: 4)
[DEBUG] 2025-12-23 08:57:15,630 polygon_api | Fetching input for test case 4
[DEBUG] 2025-12-23 08:57:17,297 polygon_api | Fetching output for test case 4
[INFO] 2025-12-23 08:57:17,605 polygon_api | Successfully fetched test case 4 - Input length: 73, Output length: 48
[INFO] 2025-12-23 08:57:17,605 polygon_api | Processing test case 5/13 (index: 5)
[DEBUG] 2025-12-23 08:57:17,605 polygon_api | Fetching input for test case 5
[DEBUG] 2025-12-23 08:57:17,896 polygon_api | Fetching output for test case 5
[INFO] 2025-12-23 08:57:18,246 polygon_api | Successfully fetched test case 5 - Input length: 52, Output length: 34
[INFO] 2025-12-23 08:57:18,246 polygon_api | Processing test case 6/13 (index: 6)
[DEBUG] 2025-12-23 08:57:18,246 polygon_api | Fetching input for test case 6
[DEBUG] 2025-12-23 08:57:18,547 polygon_api | Fetching output for test case 6
[INFO] 2025-12-23 08:57:18,951 polygon_api | Successfully fetched test case 6 - Input length: 76, Output length: 60
[INFO] 2025-12-23 08:57:18,951 polygon_api | Processing test case 7/13 (index: 7)
[DEBUG] 2025-12-23 08:57:18,951 polygon_api | Fetching input for test case 7
[DEBUG] 2025-12-23 08:57:19,251 polygon_api | Fetching output for test case 7
[INFO] 2025-12-23 08:57:19,556 polygon_api | Successfully fetched test case 7 - Input length: 51, Output length: 33
[INFO] 2025-12-23 08:57:19,556 polygon_api | Processing test case 8/13 (index: 8)
[DEBUG] 2025-12-23 08:57:19,557 polygon_api | Fetching input for test case 8
[DEBUG] 2025-12-23 08:57:19,961 polygon_api | Fetching output for test case 8
[INFO] 2025-12-23 08:57:20,376 polygon_api | Successfully fetched test case 8 - Input length: 20, Output length: 14
[INFO] 2025-12-23 08:57:20,376 polygon_api | Processing test case 9/13 (index: 9)
[DEBUG] 2025-12-23 08:57:20,376 polygon_api | Fetching input for test case 9
[DEBUG] 2025-12-23 08:57:20,785 polygon_api | Fetching output for test case 9
[INFO] 2025-12-23 08:57:21,196 polygon_api | Successfully fetched test case 9 - Input length: 45, Output length: 34
[INFO] 2025-12-23 08:57:21,196 polygon_api | Processing test case 10/13 (index: 10)
[DEBUG] 2025-12-23 08:57:21,196 polygon_api | Fetching input for test case 10
[DEBUG] 2025-12-23 08:57:21,604 polygon_api | Fetching output for test case 10
[INFO] 2025-12-23 08:57:22,014 polygon_api | Successfully fetched test case 10 - Input length: 35, Output length: 18
[INFO] 2025-12-23 08:57:22,014 polygon_api | Processing test case 11/13 (index: 11)
[DEBUG] 2025-12-23 08:57:22,014 polygon_api | Fetching input for test case 11
[DEBUG] 2025-12-23 08:57:22,423 polygon_api | Fetching output for test case 11
[INFO] 2025-12-23 08:57:22,839 polygon_api | Successfully fetched test case 11 - Input length: 56, Output length: 38
[INFO] 2025-12-23 08:57:22,839 polygon_api | Processing test case 12/13 (index: 12)
[DEBUG] 2025-12-23 08:57:22,839 polygon_api | Fetching input for test case 12
[DEBUG] 2025-12-23 08:57:23,245 polygon_api | Fetching output for test case 12
[INFO] 2025-12-23 08:57:23,652 polygon_api | Successfully fetched test case 12 - Input length: 32, Output length: 19
[INFO] 2025-12-23 08:57:23,652 polygon_api | Processing test case 13/13 (index: 13)
[DEBUG] 2025-12-23 08:57:23,652 polygon_api | Fetching input for test case 13
[DEBUG] 2025-12-23 08:57:24,063 polygon_api | Fetching output for test case 13
[INFO] 2025-12-23 08:57:24,472 polygon_api | Successfully fetched test case 13 - Input length: 18, Output length: 11
[INFO] 2025-12-23 08:57:24,472 polygon_api | Completed fetching all 13 test cases for problem 497346
[DEBUG] 2025-12-23 08:57:24,472 views | Fetched all test cases.
[DEBUG] 2025-12-23 08:57:24,472 polygon_api | connecting to redis at address localhost:6379 with password: 
[INFO] 2025-12-23 09:01:02,417 views | Entered index view with method=POST
[DEBUG] 2025-12-23 09:01:02,418 views | POST data: polygon_id=497346, migrate_to_azure=None, migrate_to_db=None, migrate_test_cases_to_db=None, difficulty=, selected_tags=[], new_tag=
[DEBUG] 2025-12-23 09:01:02,418 views | All POST data: {'csrfmiddlewaretoken': ['pY6SpnKmXSwSGbm0GnxPv0BNAwKogYrum4bn7QTTYfRckLxhRM79Cho2I5li2kyN'], 'problem_id': ['497346']}
[INFO] 2025-12-23 09:01:02,418 views | Processing polygon_id=497346
[DEBUG] 2025-12-23 09:01:02,419 views | db_problem=None
[INFO] 2025-12-23 09:01:02,419 polygon_api | Fetching problem info for 497346
[INFO] 2025-12-23 09:01:03,091 polygon_api | Polygon problem.info response: {'timeLimit': 1000, 'inputFile': 'stdin', 'outputFile': 'stdout', 'interactive': False, 'memoryLimit': 256}
[DEBUG] 2025-12-23 09:01:03,091 views | Polygon problem info: {'timeLimit': 1000, 'inputFile': 'stdin', 'outputFile': 'stdout', 'interactive': False, 'memoryLimit': 256}
[INFO] 2025-12-23 09:01:03,091 polygon_api | Downloading package for problem 497346
[INFO] 2025-12-23 09:01:03,092 polygon_api | Fetching problem info for 497346
[INFO] 2025-12-23 09:01:03,347 polygon_api | Polygon problem.info response: {'timeLimit': 1000, 'inputFile': 'stdin', 'outputFile': 'stdout', 'interactive': False, 'memoryLimit': 256}
[INFO] 2025-12-23 09:01:05,566 polygon_api | Successfully read problem.html content, length: 3972 characters
[DEBUG] 2025-12-23 09:01:05,569 polygon_api | Cleaned up temporary directory: /tmp/tmp1bbrtznd
[DEBUG] 2025-12-23 09:01:05,569 views | Downloaded and extracted problem_html_content, length: 3972
[INFO] 2025-12-23 09:01:05,569 views | Entered parse_problem_html with content length=3972
[DEBUG] 2025-12-23 09:01:05,570 views | Extracted title=Multiply two nums, legend length=61, input_format length=548, output_format length=124
[INFO] 2025-12-23 09:01:05,570 views | Exiting parse_problem_html
[DEBUG] 2025-12-23 09:01:05,570 views | Parsed html_data: {'title': 'Multiply two nums', 'legend': '<p>Given two numbers multiply them and return the answer.</p>', 'input_format': '<p>The first line will contain the number of test cases <span class="tex-font-style-bf"><span class="tex-font-style-it">t</span></span>: 1 &lt;= t &lt;= 10. The next t lines will contain two integers <span class="tex-font-style-bf"><span class="tex-font-style-it">n</span></span> and <span class="tex-font-style-bf"><span class="tex-font-style-it">m</span></span>: 0 &lt;= <span class="tex-font-style-bf"><span class="tex-font-style-it">n</span></span>,<span class="tex-font-style-bf"><span class="tex-font-style-it">m</span></span> &lt;= 1000.</p>', 'output_format': '<p>Print t lines — one line for each test case. For each test case, print a single integer — product of the two numbers.</p>', 'notes': ''}
[INFO] 2025-12-23 09:01:05,570 polygon_api | Fetching all test cases for 497346, testset
[INFO] 2025-12-23 09:01:08,465 polygon_api | Found 13 test cases to process
[INFO] 2025-12-23 09:01:08,466 polygon_api | Processing test case 1/13 (index: 1)
[DEBUG] 2025-12-23 09:01:08,466 polygon_api | Fetching input for test case 1
[DEBUG] 2025-12-23 09:01:08,930 polygon_api | Fetching output for test case 1
[INFO] 2025-12-23 09:01:09,331 polygon_api | Successfully fetched test case 1 - Input length: 8, Output length: 3
[INFO] 2025-12-23 09:01:09,331 polygon_api | Processing test case 2/13 (index: 2)
[DEBUG] 2025-12-23 09:01:09,331 polygon_api | Fetching input for test case 2
[DEBUG] 2025-12-23 09:01:09,744 polygon_api | Fetching output for test case 2
[INFO] 2025-12-23 09:01:10,568 polygon_api | Successfully fetched test case 2 - Input length: 20, Output length: 11
[INFO] 2025-12-23 09:01:10,568 polygon_api | Processing test case 3/13 (index: 3)
[DEBUG] 2025-12-23 09:01:10,568 polygon_api | Fetching input for test case 3
[DEBUG] 2025-12-23 09:01:10,978 polygon_api | Fetching output for test case 3
[INFO] 2025-12-23 09:01:11,388 polygon_api | Successfully fetched test case 3 - Input length: 38, Output length: 26
[INFO] 2025-12-23 09:01:11,388 polygon_api | Processing test case 4/13 (index: 4)
[DEBUG] 2025-12-23 09:01:11,388 polygon_api | Fetching input for test case 4
[DEBUG] 2025-12-23 09:01:11,789 polygon_api | Fetching output for test case 4
[INFO] 2025-12-23 09:01:12,100 polygon_api | Successfully fetched test case 4 - Input length: 73, Output length: 48
[INFO] 2025-12-23 09:01:12,100 polygon_api | Processing test case 5/13 (index: 5)
[DEBUG] 2025-12-23 09:01:12,100 polygon_api | Fetching input for test case 5
[DEBUG] 2025-12-23 09:01:12,504 polygon_api | Fetching output for test case 5
[INFO] 2025-12-23 09:01:12,806 polygon_api | Successfully fetched test case 5 - Input length: 52, Output length: 34
[INFO] 2025-12-23 09:01:12,806 polygon_api | Processing test case 6/13 (index: 6)
[DEBUG] 2025-12-23 09:01:12,806 polygon_api | Fetching input for test case 6
[DEBUG] 2025-12-23 09:01:13,120 polygon_api | Fetching output for test case 6
[INFO] 2025-12-23 09:01:13,632 polygon_api | Successfully fetched test case 6 - Input length: 76, Output length: 60
[INFO] 2025-12-23 09:01:13,633 polygon_api | Processing test case 7/13 (index: 7)
[DEBUG] 2025-12-23 09:01:13,633 polygon_api | Fetching input for test case 7
[DEBUG] 2025-12-23 09:01:14,042 polygon_api | Fetching output for test case 7
[INFO] 2025-12-23 09:01:14,459 polygon_api | Successfully fetched test case 7 - Input length: 51, Output length: 33
[INFO] 2025-12-23 09:01:14,459 polygon_api | Processing test case 8/13 (index: 8)
[DEBUG] 2025-12-23 09:01:14,459 polygon_api | Fetching input for test case 8
[DEBUG] 2025-12-23 09:01:14,751 polygon_api | Fetching output for test case 8
[INFO] 2025-12-23 09:01:19,161 polygon_api | Successfully fetched test case 8 - Input length: 20, Output length: 14
[INFO] 2025-12-23 09:01:19,162 polygon_api | Processing test case 9/13 (index: 9)
[DEBUG] 2025-12-23 09:01:19,162 polygon_api | Fetching input for test case 9
[DEBUG] 2025-12-23 09:01:19,686 polygon_api | Fetching output for test case 9
[INFO] 2025-12-23 09:01:20,294 polygon_api | Successfully fetched test case 9 - Input length: 45, Output length: 34
[INFO] 2025-12-23 09:01:20,294 polygon_api | Processing test case 10/13 (index: 10)
[DEBUG] 2025-12-23 09:01:20,294 polygon_api | Fetching input for test case 10
[DEBUG] 2025-12-23 09:01:20,706 polygon_api | Fetching output for test case 10
[INFO] 2025-12-23 09:01:21,110 polygon_api | Successfully fetched test case 10 - Input length: 35, Output length: 18
[INFO] 2025-12-23 09:01:21,111 polygon_api | Processing test case 11/13 (index: 11)
[DEBUG] 2025-12-23 09:01:21,111 polygon_api | Fetching input for test case 11
[DEBUG] 2025-12-23 09:01:21,627 polygon_api | Fetching output for test case 11
[INFO] 2025-12-23 09:01:22,138 polygon_api | Successfully fetched test case 11 - Input length: 56, Output length: 38
[INFO] 2025-12-23 09:01:22,138 polygon_api | Processing test case 12/13 (index: 12)
[DEBUG] 2025-12-23 09:01:22,138 polygon_api | Fetching input for test case 12
[DEBUG] 2025-12-23 09:01:22,534 polygon_api | Fetching output for test case 12
[INFO] 2025-12-23 09:01:22,954 polygon_api | Successfully fetched test case 12 - Input length: 32, Output length: 19
[INFO] 2025-12-23 09:01:22,954 polygon_api | Processing test case 13/13 (index: 13)
[DEBUG] 2025-12-23 09:01:22,954 polygon_api | Fetching input for test case 13
[DEBUG] 2025-12-23 09:01:23,360 polygon_api | Fetching output for test case 13
[INFO] 2025-12-23 09:01:23,667 polygon_api | Successfully fetched test case 13 - Input length: 18, Output length: 11
[INFO] 2025-12-23 09:01:23,667 polygon_api | Completed fetching all 13 test cases for problem 497346
[DEBUG] 2025-12-23 09:01:23,667 views | Fetched all test cases.
[DEBUG] 2025-12-23 09:01:23,667 polygon_api | connecting to redis at address localhost:6379 with password: None
[INFO] 2025-12-23 09:02:18,046 views | Entered index view with method=POST
[DEBUG] 2025-12-23 09:02:18,048 views | POST data: polygon_id=497346, migrate_to_azure=None, migrate_to_db=None, migrate_test_cases_to_db=None, difficulty=, selected_tags=[], new_tag=
[DEBUG] 2025-12-23 09:02:18,048 views | All POST data: {'csrfmiddlewaretoken': ['pY6SpnKmXSwSGbm0GnxPv0BNAwKogYrum4bn7QTTYfRckLxhRM79Cho2I5li2kyN'], 'problem_id': ['497346']}
[INFO] 2025-12-23 09:02:18,048 views | Processing polygon_id=497346
[DEBUG] 2025-12-23 09:02:18,049 views | db_problem=None
[INFO] 2025-12-23 09:02:18,049 polygon_api | Fetching problem info for 497346
[INFO] 2025-12-23 09:02:18,860 polygon_api | Polygon problem.info response: {'timeLimit': 1000, 'inputFile': 'stdin', 'outputFile': 'stdout', 'interactive': False, 'memoryLimit': 256}
[DEBUG] 2025-12-23 09:02:18,860 views | Polygon problem info: {'timeLimit': 1000, 'inputFile': 'stdin', 'outputFile': 'stdout', 'interactive': False, 'memoryLimit': 256}
[INFO] 2025-12-23 09:02:18,860 polygon_api | Downloading package for problem 497346
[INFO] 2025-12-23 09:02:18,860 polygon_api | Fetching problem info for 497346
[INFO] 2025-12-23 09:02:19,119 polygon_api | Polygon problem.info response: {'timeLimit': 1000, 'inputFile': 'stdin', 'outputFile': 'stdout', 'interactive': False, 'memoryLimit': 256}
[INFO] 2025-12-23 09:02:23,665 polygon_api | Successfully read problem.html content, length: 3972 characters
[DEBUG] 2025-12-23 09:02:23,667 polygon_api | Cleaned up temporary directory: /tmp/tmpozcf6fcl
[DEBUG] 2025-12-23 09:02:23,668 views | Downloaded and extracted problem_html_content, length: 3972
[INFO] 2025-12-23 09:02:23,668 views | Entered parse_problem_html with content length=3972
[DEBUG] 2025-12-23 09:02:23,669 views | Extracted title=Multiply two nums, legend length=61, input_format length=548, output_format length=124
[INFO] 2025-12-23 09:02:23,669 views | Exiting parse_problem_html
[DEBUG] 2025-12-23 09:02:23,669 views | Parsed html_data: {'title': 'Multiply two nums', 'legend': '<p>Given two numbers multiply them and return the answer.</p>', 'input_format': '<p>The first line will contain the number of test cases <span class="tex-font-style-bf"><span class="tex-font-style-it">t</span></span>: 1 &lt;= t &lt;= 10. The next t lines will contain two integers <span class="tex-font-style-bf"><span class="tex-font-style-it">n</span></span> and <span class="tex-font-style-bf"><span class="tex-font-style-it">m</span></span>: 0 &lt;= <span class="tex-font-style-bf"><span class="tex-font-style-it">n</span></span>,<span class="tex-font-style-bf"><span class="tex-font-style-it">m</span></span> &lt;= 1000.</p>', 'output_format': '<p>Print t lines — one line for each test case. For each test case, print a single integer — product of the two numbers.</p>', 'notes': ''}
[INFO] 2025-12-23 09:02:23,669 polygon_api | Fetching all test cases for 497346, testset
[INFO] 2025-12-23 09:02:23,951 polygon_api | Found 13 test cases to process
[INFO] 2025-12-23 09:02:23,951 polygon_api | Processing test case 1/13 (index: 1)
[DEBUG] 2025-12-23 09:02:23,952 polygon_api | Fetching input for test case 1
[DEBUG] 2025-12-23 09:02:24,268 polygon_api | Fetching output for test case 1
[INFO] 2025-12-23 09:02:24,574 polygon_api | Successfully fetched test case 1 - Input length: 8, Output length: 3
[INFO] 2025-12-23 09:02:24,575 polygon_api | Processing test case 2/13 (index: 2)
[DEBUG] 2025-12-23 09:02:24,575 polygon_api | Fetching input for test case 2
[DEBUG] 2025-12-23 09:02:24,863 polygon_api | Fetching output for test case 2
[INFO] 2025-12-23 09:02:25,192 polygon_api | Successfully fetched test case 2 - Input length: 20, Output length: 11
[INFO] 2025-12-23 09:02:25,193 polygon_api | Processing test case 3/13 (index: 3)
[DEBUG] 2025-12-23 09:02:25,193 polygon_api | Fetching input for test case 3
[DEBUG] 2025-12-23 09:02:25,528 polygon_api | Fetching output for test case 3
[INFO] 2025-12-23 09:02:25,860 polygon_api | Successfully fetched test case 3 - Input length: 38, Output length: 26
[INFO] 2025-12-23 09:02:25,861 polygon_api | Processing test case 4/13 (index: 4)
[DEBUG] 2025-12-23 09:02:25,861 polygon_api | Fetching input for test case 4
[DEBUG] 2025-12-23 09:02:26,167 polygon_api | Fetching output for test case 4
[INFO] 2025-12-23 09:02:26,469 polygon_api | Successfully fetched test case 4 - Input length: 73, Output length: 48
[INFO] 2025-12-23 09:02:26,469 polygon_api | Processing test case 5/13 (index: 5)
[DEBUG] 2025-12-23 09:02:26,469 polygon_api | Fetching input for test case 5
[DEBUG] 2025-12-23 09:02:26,855 polygon_api | Fetching output for test case 5
[INFO] 2025-12-23 09:02:27,255 polygon_api | Successfully fetched test case 5 - Input length: 52, Output length: 34
[INFO] 2025-12-23 09:02:27,256 polygon_api | Processing test case 6/13 (index: 6)
[DEBUG] 2025-12-23 09:02:27,256 polygon_api | Fetching input for test case 6
[DEBUG] 2025-12-23 09:02:27,664 polygon_api | Fetching output for test case 6
[INFO] 2025-12-23 09:02:28,177 polygon_api | Successfully fetched test case 6 - Input length: 76, Output length: 60
[INFO] 2025-12-23 09:02:28,177 polygon_api | Processing test case 7/13 (index: 7)
[DEBUG] 2025-12-23 09:02:28,177 polygon_api | Fetching input for test case 7
[DEBUG] 2025-12-23 09:02:28,520 polygon_api | Fetching output for test case 7
[INFO] 2025-12-23 09:02:29,201 polygon_api | Successfully fetched test case 7 - Input length: 51, Output length: 33
[INFO] 2025-12-23 09:02:29,202 polygon_api | Processing test case 8/13 (index: 8)
[DEBUG] 2025-12-23 09:02:29,202 polygon_api | Fetching input for test case 8
[DEBUG] 2025-12-23 09:02:29,611 polygon_api | Fetching output for test case 8
[INFO] 2025-12-23 09:02:30,029 polygon_api | Successfully fetched test case 8 - Input length: 20, Output length: 14
[INFO] 2025-12-23 09:02:30,029 polygon_api | Processing test case 9/13 (index: 9)
[DEBUG] 2025-12-23 09:02:30,029 polygon_api | Fetching input for test case 9
[DEBUG] 2025-12-23 09:02:30,430 polygon_api | Fetching output for test case 9
[INFO] 2025-12-23 09:02:31,053 polygon_api | Successfully fetched test case 9 - Input length: 45, Output length: 34
[INFO] 2025-12-23 09:02:31,053 polygon_api | Processing test case 10/13 (index: 10)
[DEBUG] 2025-12-23 09:02:31,053 polygon_api | Fetching input for test case 10
[DEBUG] 2025-12-23 09:02:31,461 polygon_api | Fetching output for test case 10
[INFO] 2025-12-23 09:02:31,866 polygon_api | Successfully fetched test case 10 - Input length: 35, Output length: 18
[INFO] 2025-12-23 09:02:31,866 polygon_api | Processing test case 11/13 (index: 11)
[DEBUG] 2025-12-23 09:02:31,866 polygon_api | Fetching input for test case 11
[DEBUG] 2025-12-23 09:02:32,275 polygon_api | Fetching output for test case 11
[INFO] 2025-12-23 09:02:32,683 polygon_api | Successfully fetched test case 11 - Input length: 56, Output length: 38
[INFO] 2025-12-23 09:02:32,683 polygon_api | Processing test case 12/13 (index: 12)
[DEBUG] 2025-12-23 09:02:32,683 polygon_api | Fetching input for test case 12
[DEBUG] 2025-12-23 09:02:33,206 polygon_api | Fetching output for test case 12
[INFO] 2025-12-23 09:02:33,604 polygon_api | Successfully fetched test case 12 - Input length: 32, Output length: 19
[INFO] 2025-12-23 09:02:33,605 polygon_api | Processing test case 13/13 (index: 13)
[DEBUG] 2025-12-23 09:02:33,605 polygon_api | Fetching input for test case 13
[DEBUG] 2025-12-23 09:02:34,124 polygon_api | Fetching output for test case 13
[INFO] 2025-12-23 09:02:34,629 polygon_api | Successfully fetched test case 13 - Input length: 18, Output length: 11
[INFO] 2025-12-23 09:02:34,629 polygon_api | Completed fetching all 13 test cases for problem 497346
[DEBUG] 2025-12-23 09:02:34,629 views | Fetched all test cases.
[DEBUG] 2025-12-23 09:02:34,629 polygon_api | connecting to redis at address localhost:6379 with password: 
[INFO] 2025-12-23 09:04:03,675 views | Entered index view with method=POST
[DEBUG] 2025-12-23 09:04:03,676 views | POST data: polygon_id=497346, migrate_to_azure=None, migrate_to_db=None, migrate_test_cases_to_db=None, difficulty=, selected_tags=[], new_tag=
[DEBUG] 2025-12-23 09:04:03,676 views | All POST data: {'csrfmiddlewaretoken': ['pY6SpnKmXSwSGbm0GnxPv0BNAwKogYrum4bn7QTTYfRckLxhRM79Cho2I5li2kyN'], 'problem_id': ['497346']}
[INFO] 2025-12-23 09:04:03,676 views | Processing polygon_id=497346
[DEBUG] 2025-12-23 09:04:03,677 views | db_problem=None
[INFO] 2025-12-23 09:04:03,677 polygon_api | Fetching problem info for 497346
[INFO] 2025-12-23 09:04:04,026 polygon_api | Polygon problem.info response: {'timeLimit': 1000, 'inputFile': 'stdin', 'outputFile': 'stdout', 'interactive': False, 'memoryLimit': 256}
[DEBUG] 2025-12-23 09:04:04,027 views | Polygon problem info: {'timeLimit': 1000, 'inputFile': 'stdin', 'outputFile': 'stdout', 'interactive': False, 'memoryLimit': 256}
[INFO] 2025-12-23 09:04:04,027 polygon_api | Downloading package for problem 497346
[INFO] 2025-12-23 09:04:04,027 polygon_api | Fetching problem info for 497346
[INFO] 2025-12-23 09:04:04,329 polygon_api | Polygon problem.info response: {'timeLimit': 1000, 'inputFile': 'stdin', 'outputFile': 'stdout', 'interactive': False, 'memoryLimit': 256}
[INFO] 2025-12-23 09:04:06,739 polygon_api | Successfully read problem.html content, length: 3972 characters
[DEBUG] 2025-12-23 09:04:06,741 polygon_api | Cleaned up temporary directory: /tmp/tmpeqykwdn1
[DEBUG] 2025-12-23 09:04:06,742 views | Downloaded and extracted problem_html_content, length: 3972
[INFO] 2025-12-23 09:04:06,742 views | Entered parse_problem_html with content length=3972
[DEBUG] 2025-12-23 09:04:06,742 views | Extracted title=Multiply two nums, legend length=61, input_format length=548, output_format length=124
[INFO] 2025-12-23 09:04:06,742 views | Exiting parse_problem_html
[DEBUG] 2025-12-23 09:04:06,742 views | Parsed html_data: {'title': 'Multiply two nums', 'legend': '<p>Given two numbers multiply them and return the answer.</p>', 'input_format': '<p>The first line will contain the number of test cases <span class="tex-font-style-bf"><span class="tex-font-style-it">t</span></span>: 1 &lt;= t &lt;= 10. The next t lines will contain two integers <span class="tex-font-style-bf"><span class="tex-font-style-it">n</span></span> and <span class="tex-font-style-bf"><span class="tex-font-style-it">m</span></span>: 0 &lt;= <span class="tex-font-style-bf"><span class="tex-font-style-it">n</span></span>,<span class="tex-font-style-bf"><span class="tex-font-style-it">m</span></span> &lt;= 1000.</p>', 'output_format': '<p>Print t lines — one line for each test case. For each test case, print a single integer — product of the two numbers.</p>', 'notes': ''}
[INFO] 2025-12-23 09:04:06,742 polygon_api | Fetching all test cases for 497346, testset
[INFO] 2025-12-23 09:04:07,010 polygon_api | Found 13 test cases to process
[INFO] 2025-12-23 09:04:07,010 polygon_api | Processing test case 1/13 (index: 1)
[DEBUG] 2025-12-23 09:04:07,010 polygon_api | Fetching input for test case 1
[DEBUG] 2025-12-23 09:04:07,316 polygon_api | Fetching output for test case 1
[INFO] 2025-12-23 09:04:07,604 polygon_api | Successfully fetched test case 1 - Input length: 8, Output length: 3
[INFO] 2025-12-23 09:04:07,605 polygon_api | Processing test case 2/13 (index: 2)
[DEBUG] 2025-12-23 09:04:07,605 polygon_api | Fetching input for test case 2
[DEBUG] 2025-12-23 09:04:07,885 polygon_api | Fetching output for test case 2
[INFO] 2025-12-23 09:04:08,207 polygon_api | Successfully fetched test case 2 - Input length: 20, Output length: 11
[INFO] 2025-12-23 09:04:08,207 polygon_api | Processing test case 3/13 (index: 3)
[DEBUG] 2025-12-23 09:04:08,208 polygon_api | Fetching input for test case 3
[DEBUG] 2025-12-23 09:04:08,487 polygon_api | Fetching output for test case 3
[INFO] 2025-12-23 09:04:08,809 polygon_api | Successfully fetched test case 3 - Input length: 38, Output length: 26
[INFO] 2025-12-23 09:04:08,809 polygon_api | Processing test case 4/13 (index: 4)
[DEBUG] 2025-12-23 09:04:08,809 polygon_api | Fetching input for test case 4
[DEBUG] 2025-12-23 09:04:09,095 polygon_api | Fetching output for test case 4
[INFO] 2025-12-23 09:04:09,422 polygon_api | Successfully fetched test case 4 - Input length: 73, Output length: 48
[INFO] 2025-12-23 09:04:09,422 polygon_api | Processing test case 5/13 (index: 5)
[DEBUG] 2025-12-23 09:04:09,422 polygon_api | Fetching input for test case 5
[DEBUG] 2025-12-23 09:04:09,707 polygon_api | Fetching output for test case 5
[INFO] 2025-12-23 09:04:10,063 polygon_api | Successfully fetched test case 5 - Input length: 52, Output length: 34
[INFO] 2025-12-23 09:04:10,063 polygon_api | Processing test case 6/13 (index: 6)
[DEBUG] 2025-12-23 09:04:10,063 polygon_api | Fetching input for test case 6
[DEBUG] 2025-12-23 09:04:10,361 polygon_api | Fetching output for test case 6
[INFO] 2025-12-23 09:04:10,677 polygon_api | Successfully fetched test case 6 - Input length: 76, Output length: 60
[INFO] 2025-12-23 09:04:10,677 polygon_api | Processing test case 7/13 (index: 7)
[DEBUG] 2025-12-23 09:04:10,677 polygon_api | Fetching input for test case 7
[DEBUG] 2025-12-23 09:04:10,983 polygon_api | Fetching output for test case 7
[INFO] 2025-12-23 09:04:11,600 polygon_api | Successfully fetched test case 7 - Input length: 51, Output length: 33
[INFO] 2025-12-23 09:04:11,600 polygon_api | Processing test case 8/13 (index: 8)
[DEBUG] 2025-12-23 09:04:11,600 polygon_api | Fetching input for test case 8
[DEBUG] 2025-12-23 09:04:11,906 polygon_api | Fetching output for test case 8
[INFO] 2025-12-23 09:04:12,324 polygon_api | Successfully fetched test case 8 - Input length: 20, Output length: 14
[INFO] 2025-12-23 09:04:12,324 polygon_api | Processing test case 9/13 (index: 9)
[DEBUG] 2025-12-23 09:04:12,324 polygon_api | Fetching input for test case 9
[DEBUG] 2025-12-23 09:04:12,622 polygon_api | Fetching output for test case 9
[INFO] 2025-12-23 09:04:12,946 polygon_api | Successfully fetched test case 9 - Input length: 45, Output length: 34
[INFO] 2025-12-23 09:04:12,946 polygon_api | Processing test case 10/13 (index: 10)
[DEBUG] 2025-12-23 09:04:12,947 polygon_api | Fetching input for test case 10
[DEBUG] 2025-12-23 09:04:13,545 polygon_api | Fetching output for test case 10
[INFO] 2025-12-23 09:04:13,856 polygon_api | Successfully fetched test case 10 - Input length: 35, Output length: 18
[INFO] 2025-12-23 09:04:13,856 polygon_api | Processing test case 11/13 (index: 11)
[DEBUG] 2025-12-23 09:04:13,857 polygon_api | Fetching input for test case 11
[DEBUG] 2025-12-23 09:04:14,157 polygon_api | Fetching output for test case 11
[INFO] 2025-12-23 09:04:14,569 polygon_api | Successfully fetched test case 11 - Input length: 56, Output length: 38
[INFO] 2025-12-23 09:04:14,569 polygon_api | Processing test case 12/13 (index: 12)
[DEBUG] 2025-12-23 09:04:14,569 polygon_api | Fetching input for test case 12
[DEBUG] 2025-12-23 09:04:14,867 polygon_api | Fetching output for test case 12
[INFO] 2025-12-23 09:04:15,183 polygon_api | Successfully fetched test case 12 - Input length: 32, Output length: 19
[INFO] 2025-12-23 09:04:15,183 polygon_api | Processing test case 13/13 (index: 13)
[DEBUG] 2025-12-23 09:04:15,183 polygon_api | Fetching input for test case 13
[DEBUG] 2025-12-23 09:04:15,489 polygon_api | Fetching output for test case 13
[INFO] 2025-12-23 09:04:15,862 polygon_api | Successfully fetched test case 13 - Input length: 18, Output length: 11
[INFO] 2025-12-23 09:04:15,862 polygon_api | Completed fetching all 13 test cases for problem 497346
[DEBUG] 2025-12-23 09:04:15,862 views | Fetched all test cases.
[DEBUG] 2025-12-23 09:04:15,863 polygon_api | connecting to redis at address localhost:6379 with password: 
[INFO] 2025-12-23 09:05:37,449 views | Entered index view with method=POST
[DEBUG] 2025-12-23 09:05:37,450 views | POST data: polygon_id=497346, migrate_to_azure=None, migrate_to_db=None, migrate_test_cases_to_db=None, difficulty=, selected_tags=[], new_tag=
[DEBUG] 2025-12-23 09:05:37,450 views | All POST data: {'csrfmiddlewaretoken': ['pY6SpnKmXSwSGbm0GnxPv0BNAwKogYrum4bn7QTTYfRckLxhRM79Cho2I5li2kyN'], 'problem_id': ['497346']}
[INFO] 2025-12-23 09:05:37,450 views | Processing polygon_id=497346
[DEBUG] 2025-12-23 09:05:37,452 views | db_problem=None
[INFO] 2025-12-23 09:05:37,452 polygon_api | Fetching problem info for 497346
[INFO] 2025-12-23 09:05:37,819 polygon_api | Polygon problem.info response: {'timeLimit': 1000, 'inputFile': 'stdin', 'outputFile': 'stdout', 'interactive': False, 'memoryLimit': 256}
[DEBUG] 2025-12-23 09:05:37,819 views | Polygon problem info: {'timeLimit': 1000, 'inputFile': 'stdin', 'outputFile': 'stdout', 'interactive': False, 'memoryLimit': 256}
[INFO] 2025-12-23 09:05:37,819 polygon_api | Downloading package for problem 497346
[INFO] 2025-12-23 09:05:37,819 polygon_api | Fetching problem info for 497346
[INFO] 2025-12-23 09:05:38,123 polygon_api | Polygon problem.info response: {'timeLimit': 1000, 'inputFile': 'stdin', 'outputFile': 'stdout', 'interactive': False, 'memoryLimit': 256}
[INFO] 2025-12-23 09:05:40,556 polygon_api | Successfully read problem.html content, length: 3972 characters
[DEBUG] 2025-12-23 09:05:40,558 polygon_api | Cleaned up temporary directory: /tmp/tmp_wjw5r40
[DEBUG] 2025-12-23 09:05:40,559 views | Downloaded and extracted problem_html_content, length: 3972
[INFO] 2025-12-23 09:05:40,559 views | Entered parse_problem_html with content length=3972
[DEBUG] 2025-12-23 09:05:40,559 views | Extracted title=Multiply two nums, legend length=61, input_format length=548, output_format length=124
[INFO] 2025-12-23 09:05:40,559 views | Exiting parse_problem_html
[DEBUG] 2025-12-23 09:05:40,559 views | Parsed html_data: {'title': 'Multiply two nums', 'legend': '<p>Given two numbers multiply them and return the answer.</p>', 'input_format': '<p>The first line will contain the number of test cases <span class="tex-font-style-bf"><span class="tex-font-style-it">t</span></span>: 1 &lt;= t &lt;= 10. The next t lines will contain two integers <span class="tex-font-style-bf"><span class="tex-font-style-it">n</span></span> and <span class="tex-font-style-bf"><span class="tex-font-style-it">m</span></span>: 0 &lt;= <span class="tex-font-style-bf"><span class="tex-font-style-it">n</span></span>,<span class="tex-font-style-bf"><span class="tex-font-style-it">m</span></span> &lt;= 1000.</p>', 'output_format': '<p>Print t lines — one line for each test case. For each test case, print a single integer — product of the two numbers.</p>', 'notes': ''}
[INFO] 2025-12-23 09:05:40,559 polygon_api | Fetching all test cases for 497346, testset
[INFO] 2025-12-23 09:05:40,836 polygon_api | Found 13 test cases to process
[INFO] 2025-12-23 09:05:40,836 polygon_api | Processing test case 1/13 (index: 1)
[DEBUG] 2025-12-23 09:05:40,836 polygon_api | Fetching input for test case 1
[DEBUG] 2025-12-23 09:05:41,119 polygon_api | Fetching output for test case 1
[INFO] 2025-12-23 09:05:41,428 polygon_api | Successfully fetched test case 1 - Input length: 8, Output length: 3
[INFO] 2025-12-23 09:05:41,428 polygon_api | Processing test case 2/13 (index: 2)
[DEBUG] 2025-12-23 09:05:41,429 polygon_api | Fetching input for test case 2
[DEBUG] 2025-12-23 09:05:41,710 polygon_api | Fetching output for test case 2
[INFO] 2025-12-23 09:05:42,006 polygon_api | Successfully fetched test case 2 - Input length: 20, Output length: 11
[INFO] 2025-12-23 09:05:42,007 polygon_api | Processing test case 3/13 (index: 3)
[DEBUG] 2025-12-23 09:05:42,007 polygon_api | Fetching input for test case 3
[DEBUG] 2025-12-23 09:05:42,292 polygon_api | Fetching output for test case 3
[INFO] 2025-12-23 09:05:42,576 polygon_api | Successfully fetched test case 3 - Input length: 38, Output length: 26
[INFO] 2025-12-23 09:05:42,576 polygon_api | Processing test case 4/13 (index: 4)
[DEBUG] 2025-12-23 09:05:42,577 polygon_api | Fetching input for test case 4
[DEBUG] 2025-12-23 09:05:42,854 polygon_api | Fetching output for test case 4
[INFO] 2025-12-23 09:05:43,142 polygon_api | Successfully fetched test case 4 - Input length: 73, Output length: 48
[INFO] 2025-12-23 09:05:43,143 polygon_api | Processing test case 5/13 (index: 5)
[DEBUG] 2025-12-23 09:05:43,143 polygon_api | Fetching input for test case 5
[DEBUG] 2025-12-23 09:05:43,434 polygon_api | Fetching output for test case 5
[INFO] 2025-12-23 09:05:43,744 polygon_api | Successfully fetched test case 5 - Input length: 52, Output length: 34
[INFO] 2025-12-23 09:05:43,744 polygon_api | Processing test case 6/13 (index: 6)
[DEBUG] 2025-12-23 09:05:43,744 polygon_api | Fetching input for test case 6
[DEBUG] 2025-12-23 09:05:44,032 polygon_api | Fetching output for test case 6
[INFO] 2025-12-23 09:05:44,317 polygon_api | Successfully fetched test case 6 - Input length: 76, Output length: 60
[INFO] 2025-12-23 09:05:44,318 polygon_api | Processing test case 7/13 (index: 7)
[DEBUG] 2025-12-23 09:05:44,318 polygon_api | Fetching input for test case 7
[DEBUG] 2025-12-23 09:05:44,679 polygon_api | Fetching output for test case 7
[INFO] 2025-12-23 09:05:45,091 polygon_api | Successfully fetched test case 7 - Input length: 51, Output length: 33
[INFO] 2025-12-23 09:05:45,092 polygon_api | Processing test case 8/13 (index: 8)
[DEBUG] 2025-12-23 09:05:45,092 polygon_api | Fetching input for test case 8
[DEBUG] 2025-12-23 09:05:45,398 polygon_api | Fetching output for test case 8
[INFO] 2025-12-23 09:05:45,704 polygon_api | Successfully fetched test case 8 - Input length: 20, Output length: 14
[INFO] 2025-12-23 09:05:45,704 polygon_api | Processing test case 9/13 (index: 9)
[DEBUG] 2025-12-23 09:05:45,704 polygon_api | Fetching input for test case 9
[DEBUG] 2025-12-23 09:05:46,017 polygon_api | Fetching output for test case 9
[INFO] 2025-12-23 09:05:46,326 polygon_api | Successfully fetched test case 9 - Input length: 45, Output length: 34
[INFO] 2025-12-23 09:05:46,326 polygon_api | Processing test case 10/13 (index: 10)
[DEBUG] 2025-12-23 09:05:46,326 polygon_api | Fetching input for test case 10
[DEBUG] 2025-12-23 09:05:46,604 polygon_api | Fetching output for test case 10
[INFO] 2025-12-23 09:05:46,896 polygon_api | Successfully fetched test case 10 - Input length: 35, Output length: 18
[INFO] 2025-12-23 09:05:46,896 polygon_api | Processing test case 11/13 (index: 11)
[DEBUG] 2025-12-23 09:05:46,896 polygon_api | Fetching input for test case 11
[DEBUG] 2025-12-23 09:05:47,180 polygon_api | Fetching output for test case 11
[INFO] 2025-12-23 09:05:47,466 polygon_api | Successfully fetched test case 11 - Input length: 56, Output length: 38
[INFO] 2025-12-23 09:05:47,466 polygon_api | Processing test case 12/13 (index: 12)
[DEBUG] 2025-12-23 09:05:47,466 polygon_api | Fetching input for test case 12
[DEBUG] 2025-12-23 09:05:47,760 polygon_api | Fetching output for test case 12
[INFO] 2025-12-23 09:05:48,042 polygon_api | Successfully fetched test case 12 - Input length: 32, Output length: 19
[INFO] 2025-12-23 09:05:48,042 polygon_api | Processing test case 13/13 (index: 13)
[DEBUG] 2025-12-23 09:05:48,043 polygon_api | Fetching input for test case 13
[DEBUG] 2025-12-23 09:05:48,328 polygon_api | Fetching output for test case 13
[INFO] 2025-12-23 09:05:48,609 polygon_api | Successfully fetched test case 13 - Input length: 18, Output length: 11
[INFO] 2025-12-23 09:05:48,610 polygon_api | Completed fetching all 13 test cases for problem 497346
[DEBUG] 2025-12-23 09:05:48,610 views | Fetched all test cases.
[DEBUG] 2025-12-23 09:05:48,610 polygon_api | connecting to redis at address localhost:6379 with password: 
[INFO] 2025-12-23 09:05:48,613 polygon_api | Stored 13 test cases in Redis for polygon_id 497346
[DEBUG] 2025-12-23 09:05:48,857 views | checker_type=checker.cpp
[INFO] 2025-12-23 09:05:48,858 polygon_api | Fetching custom checker info for problem 497346
[DEBUG] 2025-12-23 09:05:49,116 polygon_api | Raw checker info: checker.cpp
[INFO] 2025-12-23 09:05:49,116 polygon_api | Custom checker detected: {'name': 'checker.cpp', 'type': 'custom'}
[INFO] 2025-12-23 09:05:49,116 polygon_api | Fetching test cases for 497346, testset
[DEBUG] 2025-12-23 09:05:49,370 views | test_case_count=13
[INFO] 2025-12-23 09:05:49,370 views | Exiting index view
[INFO] 2025-12-23 09:09:12,209 views | Entered index view with method=POST
[DEBUG] 2025-12-23 09:09:12,210 views | POST data: polygon_id=497346, migrate_to_azure=None, migrate_to_db=1, migrate_test_cases_to_db=None, difficulty=easy, selected_tags=['math', '< 800'], new_tag=
[DEBUG] 2025-12-23 09:09:12,210 views | All POST data: {'csrfmiddlewaretoken': ['GIaZfRhBhTnGYxGQ7trQ9I8nepqthRxRDOfuXkq8igI0C7R7iS1agZVCmY1n3dEa'], 'problem_id': ['497346'], 'migrate_to_db': ['1'], 'difficulty': ['easy'], 'tags': ['math', '< 800']}
[INFO] 2025-12-23 09:09:12,210 views | Processing polygon_id=497346
[DEBUG] 2025-12-23 09:09:12,212 views | db_problem=None
[INFO] 2025-12-23 09:09:12,212 polygon_api | Fetching problem info for 497346
[INFO] 2025-12-23 09:09:12,474 polygon_api | Polygon problem.info response: {'timeLimit': 1000, 'inputFile': 'stdin', 'outputFile': 'stdout', 'interactive': False, 'memoryLimit': 256}
[DEBUG] 2025-12-23 09:09:12,474 views | Polygon problem info: {'timeLimit': 1000, 'inputFile': 'stdin', 'outputFile': 'stdout', 'interactive': False, 'memoryLimit': 256}
[INFO] 2025-12-23 09:09:12,474 polygon_api | Downloading package for problem 497346
[INFO] 2025-12-23 09:09:12,475 polygon_api | Fetching problem info for 497346
[INFO] 2025-12-23 09:09:12,860 polygon_api | Polygon problem.info response: {'timeLimit': 1000, 'inputFile': 'stdin', 'outputFile': 'stdout', 'interactive': False, 'memoryLimit': 256}
[INFO] 2025-12-23 09:09:15,095 polygon_api | Successfully read problem.html content, length: 3972 characters
[DEBUG] 2025-12-23 09:09:15,097 polygon_api | Cleaned up temporary directory: /tmp/tmpxjria2sp
[DEBUG] 2025-12-23 09:09:15,098 views | Downloaded and extracted problem_html_content, length: 3972
[INFO] 2025-12-23 09:09:15,098 views | Entered parse_problem_html with content length=3972
[DEBUG] 2025-12-23 09:09:15,099 views | Extracted title=Multiply two nums, legend length=61, input_format length=548, output_format length=124
[INFO] 2025-12-23 09:09:15,099 views | Exiting parse_problem_html
[DEBUG] 2025-12-23 09:09:15,099 views | Parsed html_data: {'title': 'Multiply two nums', 'legend': '<p>Given two numbers multiply them and return the answer.</p>', 'input_format': '<p>The first line will contain the number of test cases <span class="tex-font-style-bf"><span class="tex-font-style-it">t</span></span>: 1 &lt;= t &lt;= 10. The next t lines will contain two integers <span class="tex-font-style-bf"><span class="tex-font-style-it">n</span></span> and <span class="tex-font-style-bf"><span class="tex-font-style-it">m</span></span>: 0 &lt;= <span class="tex-font-style-bf"><span class="tex-font-style-it">n</span></span>,<span class="tex-font-style-bf"><span class="tex-font-style-it">m</span></span> &lt;= 1000.</p>', 'output_format': '<p>Print t lines — one line for each test case. For each test case, print a single integer — product of the two numbers.</p>', 'notes': ''}
[INFO] 2025-12-23 09:09:15,100 polygon_api | Retrieved 13 test cases from Redis for polygon_id 497346
[INFO] 2025-12-23 09:09:15,100 views | Retrieved test cases from Redis for test case migration to DB (saved Polygon API call)
[DEBUG] 2025-12-23 09:09:15,340 views | checker_type=checker.cpp
[INFO] 2025-12-23 09:09:15,340 polygon_api | Fetching custom checker info for problem 497346
[DEBUG] 2025-12-23 09:09:15,589 polygon_api | Raw checker info: checker.cpp
[INFO] 2025-12-23 09:09:15,589 polygon_api | Custom checker detected: {'name': 'checker.cpp', 'type': 'custom'}
[INFO] 2025-12-23 09:09:15,589 polygon_api | Fetching test cases for 497346, testset
[DEBUG] 2025-12-23 09:09:15,858 views | test_case_count=13
[INFO] 2025-12-23 09:09:15,858 views | Starting DB migration for polygon_id=497346
[INFO] 2025-12-23 09:09:15,860 views | Creating new Problem in DB
[INFO] 2025-12-23 09:09:15,865 views | Processing tags for problem
[DEBUG] 2025-12-23 09:09:15,866 views | Selected tags before processing: ['math', '< 800']
[DEBUG] 2025-12-23 09:09:15,866 views | New tag before processing: 
[DEBUG] 2025-12-23 09:09:15,869 views | Cleared existing tags for problem 1
[DEBUG] 2025-12-23 09:09:15,869 views | Processing tag: math
[INFO] 2025-12-23 09:09:15,876 views | Created new tag: math
[DEBUG] 2025-12-23 09:09:15,876 views | Processing tag: < 800
[INFO] 2025-12-23 09:09:15,878 views | Created new tag: < 800
[DEBUG] 2025-12-23 09:09:15,879 views | Final tags after processing: ['math', '< 800']
[INFO] 2025-12-23 09:09:15,880 polygon_api | Retrieved 13 test cases from Redis for polygon_id 497346
[INFO] 2025-12-23 09:09:15,881 views | Retrieved test cases from Redis for test case migration to DB (saved Polygon API call)
[DEBUG] 2025-12-23 09:09:15,881 views | test_cases for DB migration.
[DEBUG] 2025-12-23 09:09:15,881 views | sample_tests: [{'index': 1, 'input': '1\r\n2 3\r\n', 'output': '6\r\n', 'description': '', 'is_sample': True}, {'index': 2, 'input': '3\r\n1 2\r\n0 2\r\n10 11\r\n', 'output': '2\r\n0\r\n110\r\n', 'description': '', 'is_sample': True}, {'index': 3, 'input': '5\r\n2 2\r\n100 100\r\n1000 1000\r\n0 0\r\n4 9\r\n', 'output': '4\r\n10000\r\n1000000\r\n0\r\n36\r\n', 'description': '', 'is_sample': True}]
[DEBUG] 2025-12-23 09:09:15,882 views | Sample test idx=0, input_data=1
2 3, output_data=6
[DEBUG] 2025-12-23 09:09:15,883 views | Sample test idx=1, input_data=3
1 2
0 2
10 11, output_data=2
0
110
[DEBUG] 2025-12-23 09:09:15,883 views | Sample test idx=2, input_data=5
2 2
100 100
1000 1000
0 0
4 9, output_data=4
10000
1000000
0
36
[DEBUG] 2025-12-23 09:09:16,139 views | Fetched solutions: [{'name': 'solution.cpp', 'modificationTimeSeconds': 1766401304, 'length': 273, 'tag': 'MA', 'sourceType': 'cpp.g++14'}]
[INFO] 2025-12-23 09:09:16,392 views | Exiting index view
[INFO] 2025-12-23 09:12:32,152 views | Entered index view with method=POST
[DEBUG] 2025-12-23 09:12:32,153 views | POST data: polygon_id=497346, migrate_to_azure=1, migrate_to_db=None, migrate_test_cases_to_db=None, difficulty=, selected_tags=[], new_tag=
[DEBUG] 2025-12-23 09:12:32,154 views | All POST data: {'csrfmiddlewaretoken': ['8SereTkJ3CZH0RoKITOyJJCwIVi5CCME5YjWWmtg4Zk1Erz1TioSQ0pLQuTZoYTX'], 'problem_id': ['497346'], 'migrate_to_azure': ['1']}
[INFO] 2025-12-23 09:12:32,154 views | Processing polygon_id=497346
[DEBUG] 2025-12-23 09:12:32,155 views | db_problem=Multiply two nums
[DEBUG] 2025-12-23 09:12:33,149 views | Updated working copy: None
[DEBUG] 2025-12-23 09:12:33,658 views | Fetched solutions: [{'name': 'solution.cpp', 'modificationTimeSeconds': 1766401304, 'length': 273, 'tag': 'MA', 'sourceType': 'cpp.g++14'}]
[INFO] 2025-12-23 09:12:33,981 views | Azure migration triggered for polygon_id=497346
[INFO] 2025-12-23 09:12:33,984 views | Problem found in DB, proceeding with Azure migration
[INFO] 2025-12-23 09:12:33,984 views | Azure migration params: problem_id=1, container=polygon-migration
[INFO] 2025-12-23 09:12:33,984 polygon_api | pattern oj_dev_with_redis_storage_test_cases_1*
[INFO] 2025-12-23 09:14:38,762 views | Entered index view with method=POST
[DEBUG] 2025-12-23 09:14:38,764 views | POST data: polygon_id=497346, migrate_to_azure=1, migrate_to_db=None, migrate_test_cases_to_db=None, difficulty=, selected_tags=[], new_tag=
[DEBUG] 2025-12-23 09:14:38,764 views | All POST data: {'csrfmiddlewaretoken': ['8SereTkJ3CZH0RoKITOyJJCwIVi5CCME5YjWWmtg4Zk1Erz1TioSQ0pLQuTZoYTX'], 'problem_id': ['497346'], 'migrate_to_azure': ['1']}
[INFO] 2025-12-23 09:14:38,764 views | Processing polygon_id=497346
[DEBUG] 2025-12-23 09:14:38,765 views | db_problem=Multiply two nums
[DEBUG] 2025-12-23 09:14:39,610 views | Updated working copy: None
[DEBUG] 2025-12-23 09:14:40,021 views | Fetched solutions: [{'name': 'solution.cpp', 'modificationTimeSeconds': 1766401304, 'length': 273, 'tag': 'MA', 'sourceType': 'cpp.g++14'}]
[INFO] 2025-12-23 09:14:40,429 views | Azure migration triggered for polygon_id=497346
[INFO] 2025-12-23 09:14:40,432 views | Problem found in DB, proceeding with Azure migration
[INFO] 2025-12-23 09:14:40,432 views | Azure migration params: problem_id=1, container=polygon-migration
[INFO] 2025-12-23 09:14:40,432 polygon_api | pattern oj_dev_with_redis_storage_test_cases_1*
[INFO] 2025-12-23 09:14:40,434 polygon_api | Fetching custom checker info for problem 497346
[DEBUG] 2025-12-23 09:14:40,746 polygon_api | Raw checker info: checker.cpp
[INFO] 2025-12-23 09:14:40,746 polygon_api | Custom checker detected: {'name': 'checker.cpp', 'type': 'custom'}
[INFO] 2025-12-23 09:14:40,747 views | Custom checker detected before Azure migration: {'name': 'checker.cpp', 'type': 'custom'}
[INFO] 2025-12-23 09:14:40,747 views | Calling migrate_to_azure_blob
[INFO] 2025-12-23 09:14:40,849 polygon_api | Starting migrate_to_azure_blob for problem 497346
[INFO] 2025-12-23 09:14:40,851 polygon_api | Retrieved 13 test cases from Redis for polygon_id 497346
[INFO] 2025-12-23 09:14:40,852 polygon_api | Retrieved test cases from Redis for Azure migration (saved Polygon API call)
[INFO] 2025-12-23 09:14:40,852 polygon_api | Retrieved 13 test cases for Azure migration
[INFO] 2025-12-23 09:14:40,852 AzureTestcase | Attempting to authenticate...
[INFO] 2025-12-23 09:14:40,852 AzureTestcase | Authentication successful. BlobServiceClient created.
[INFO] 2025-12-23 09:14:40,852 polygon_api | Using problem_id_for_naming: 1
[INFO] 2025-12-23 09:14:40,852 polygon_api | Deleting existing test cases from Azure
[ERROR] 2025-12-23 09:16:09,255 AzureTestcase | Error deleting blobs for problem 1: Authentication failed: Unable to find wstrust endpoint from MEX. This typically happens when attempting MSA accounts. More details available here. https://github.com/AzureAD/microsoft-authentication-library-for-python/wiki/Username-Password-Authentication
[ERROR] 2025-12-23 09:17:38,549 AzureTestcase | Error uploading test case #1: Authentication failed: Unable to find wstrust endpoint from MEX. This typically happens when attempting MSA accounts. More details available here. https://github.com/AzureAD/microsoft-authentication-library-for-python/wiki/Username-Password-Authentication
[ERROR] 2025-12-23 09:19:04,339 AzureTestcase | Error uploading test case #2: Authentication failed: Unable to find wstrust endpoint from MEX. This typically happens when attempting MSA accounts. More details available here. https://github.com/AzureAD/microsoft-authentication-library-for-python/wiki/Username-Password-Authentication
[ERROR] 2025-12-23 09:20:28,009 AzureTestcase | Error uploading test case #3: Authentication failed: Unable to find wstrust endpoint from MEX. This typically happens when attempting MSA accounts. More details available here. https://github.com/AzureAD/microsoft-authentication-library-for-python/wiki/Username-Password-Authentication
[ERROR] 2025-12-23 09:21:56,676 AzureTestcase | Error uploading test case #4: Authentication failed: Unable to find wstrust endpoint from MEX. This typically happens when attempting MSA accounts. More details available here. https://github.com/AzureAD/microsoft-authentication-library-for-python/wiki/Username-Password-Authentication
[ERROR] 2025-12-23 09:23:14,749 AzureTestcase | Error uploading test case #5: Authentication failed: Unable to find wstrust endpoint from MEX. This typically happens when attempting MSA accounts. More details available here. https://github.com/AzureAD/microsoft-authentication-library-for-python/wiki/Username-Password-Authentication
[ERROR] 2025-12-23 09:24:37,076 AzureTestcase | Error uploading test case #6: Authentication failed: Unable to find wstrust endpoint from MEX. This typically happens when attempting MSA accounts. More details available here. https://github.com/AzureAD/microsoft-authentication-library-for-python/wiki/Username-Password-Authentication
[ERROR] 2025-12-23 09:25:56,587 AzureTestcase | Error uploading test case #7: Authentication failed: Unable to find wstrust endpoint from MEX. This typically happens when attempting MSA accounts. More details available here. https://github.com/AzureAD/microsoft-authentication-library-for-python/wiki/Username-Password-Authentication
[ERROR] 2025-12-23 09:27:20,113 AzureTestcase | Error uploading test case #8: Authentication failed: Unable to find wstrust endpoint from MEX. This typically happens when attempting MSA accounts. More details available here. https://github.com/AzureAD/microsoft-authentication-library-for-python/wiki/Username-Password-Authentication
[ERROR] 2025-12-23 09:28:47,988 AzureTestcase | Error uploading test case #9: Authentication failed: Unable to find wstrust endpoint from MEX. This typically happens when attempting MSA accounts. More details available here. https://github.com/AzureAD/microsoft-authentication-library-for-python/wiki/Username-Password-Authentication
[ERROR] 2025-12-23 09:30:07,471 AzureTestcase | Error uploading test case #10: Authentication failed: Unable to find wstrust endpoint from MEX. This typically happens when attempting MSA accounts. More details available here. https://github.com/AzureAD/microsoft-authentication-library-for-python/wiki/Username-Password-Authentication
[ERROR] 2025-12-23 09:31:30,166 AzureTestcase | Error uploading test case #11: Authentication failed: Unable to find wstrust endpoint from MEX. This typically happens when attempting MSA accounts. More details available here. https://github.com/AzureAD/microsoft-authentication-library-for-python/wiki/Username-Password-Authentication
[ERROR] 2025-12-23 09:32:55,541 AzureTestcase | Error uploading test case #12: Authentication failed: Unable to find wstrust endpoint from MEX. This typically happens when attempting MSA accounts. More details available here. https://github.com/AzureAD/microsoft-authentication-library-for-python/wiki/Username-Password-Authentication
[ERROR] 2025-12-23 09:34:22,583 AzureTestcase | Error uploading test case #13: Authentication failed: Unable to find wstrust endpoint from MEX. This typically happens when attempting MSA accounts. More details available here. https://github.com/AzureAD/microsoft-authentication-library-for-python/wiki/Username-Password-Authentication
[INFO] 2025-12-23 09:34:22,583 polygon_api | Uploaded 13 test cases to Azure
[INFO] 2025-12-23 09:34:22,583 polygon_api | Starting custom checker processing for problem 497346
[INFO] 2025-12-23 09:34:22,583 polygon_api | Processing custom checker for problem 497346
[INFO] 2025-12-23 09:34:22,583 polygon_api | Fetching custom checker info for problem 497346
[DEBUG] 2025-12-23 09:34:23,340 polygon_api | Raw checker info: checker.cpp
[INFO] 2025-12-23 09:34:23,340 polygon_api | Custom checker detected: {'name': 'checker.cpp', 'type': 'custom'}
[INFO] 2025-12-23 09:34:23,340 polygon_api | Custom checker info retrieved: {'name': 'checker.cpp', 'type': 'custom'}
[INFO] 2025-12-23 09:34:23,341 polygon_api | Fetching custom checker file checker.cpp via API for problem 497346
[INFO] 2025-12-23 09:34:23,646 polygon_api | Successfully fetched custom checker file via API, content length: 632
[INFO] 2025-12-23 09:34:23,646 polygon_api | Custom checker source code fetched successfully, length: 632
[INFO] 2025-12-23 09:34:23,646 polygon_api | Initializing Azure Blob Manager for custom checker upload
[INFO] 2025-12-23 09:34:23,646 AzureTestcase | Attempting to authenticate...
[INFO] 2025-12-23 09:34:23,647 AzureTestcase | Authentication successful. BlobServiceClient created.
[INFO] 2025-12-23 09:34:23,648 polygon_api | Created temporary directory for compilation: /tmp/tmpyo7x73j_
[INFO] 2025-12-23 09:34:23,648 polygon_api | Compiling custom checker in /tmp/tmpyo7x73j_
[INFO] 2025-12-23 09:34:23,648 polygon_api | Found g++ at: /usr/bin/g++
[INFO] 2025-12-23 09:34:23,648 polygon_api | Source code written to: /tmp/tmpyo7x73j_/custom_checker.cpp
[INFO] 2025-12-23 09:34:23,648 polygon_api | Running compilation command: g++ -std=gnu++17 -O2 -o /tmp/tmpyo7x73j_/custom_checker /tmp/tmpyo7x73j_/custom_checker.cpp
[INFO] 2025-12-23 09:34:23,662 polygon_api | Compilation completed with return code: 1
[DEBUG] 2025-12-23 09:34:23,662 polygon_api | Compilation stderr: /tmp/tmpyo7x73j_/custom_checker.cpp:1:10: fatal error: testlib.h: No such file or directory
    1 | #include "testlib.h"
      |          ^~~~~~~~~~~
compilation terminated.

[ERROR] 2025-12-23 09:34:23,662 polygon_api | Compilation failed with return code 1
[ERROR] 2025-12-23 09:34:23,663 polygon_api | stdout: 
[ERROR] 2025-12-23 09:34:23,663 polygon_api | stderr: /tmp/tmpyo7x73j_/custom_checker.cpp:1:10: fatal error: testlib.h: No such file or directory
    1 | #include "testlib.h"
      |          ^~~~~~~~~~~
compilation terminated.

[WARNING] 2025-12-23 09:34:23,663 polygon_api | Failed to compile custom checker, uploading source code instead
[ERROR] 2025-12-23 09:35:53,796 polygon_api | Error uploading custom checker source code: Authentication failed: Unable to find wstrust endpoint from MEX. This typically happens when attempting MSA accounts. More details available here. https://github.com/AzureAD/microsoft-authentication-library-for-python/wiki/Username-Password-Authentication
[INFO] 2025-12-23 09:35:53,797 polygon_api | Completed custom checker processing for problem 497346
[INFO] 2025-12-23 09:35:53,797 polygon_api | Completed migrate_to_azure_blob for problem 497346
[INFO] 2025-12-23 09:35:53,797 views | Azure migration completed successfully
[INFO] 2025-12-23 09:35:53,797 polygon_api | Fetching problem info for 497346
[INFO] 2025-12-23 09:35:54,371 polygon_api | Polygon problem.info response: {'timeLimit': 1000, 'inputFile': 'stdin', 'outputFile': 'stdout', 'interactive': False, 'memoryLimit': 256}
[DEBUG] 2025-12-23 09:35:54,371 views | Polygon problem info: {'timeLimit': 1000, 'inputFile': 'stdin', 'outputFile': 'stdout', 'interactive': False, 'memoryLimit': 256}
[INFO] 2025-12-23 09:35:54,371 polygon_api | Downloading package for problem 497346
[INFO] 2025-12-23 09:35:54,371 polygon_api | Fetching problem info for 497346
[INFO] 2025-12-23 09:35:54,677 polygon_api | Polygon problem.info response: {'timeLimit': 1000, 'inputFile': 'stdin', 'outputFile': 'stdout', 'interactive': False, 'memoryLimit': 256}
[INFO] 2025-12-23 09:35:56,762 polygon_api | Successfully read problem.html content, length: 3972 characters
[DEBUG] 2025-12-23 09:35:56,764 polygon_api | Cleaned up temporary directory: /tmp/tmpqfp4uekp
[DEBUG] 2025-12-23 09:35:56,765 views | Downloaded and extracted problem_html_content, length: 3972
[INFO] 2025-12-23 09:35:56,765 views | Entered parse_problem_html with content length=3972
[DEBUG] 2025-12-23 09:35:56,765 views | Extracted title=Multiply two nums, legend length=61, input_format length=548, output_format length=124
[INFO] 2025-12-23 09:35:56,765 views | Exiting parse_problem_html
[DEBUG] 2025-12-23 09:35:56,765 views | Parsed html_data: {'title': 'Multiply two nums', 'legend': '<p>Given two numbers multiply them and return the answer.</p>', 'input_format': '<p>The first line will contain the number of test cases <span class="tex-font-style-bf"><span class="tex-font-style-it">t</span></span>: 1 &lt;= t &lt;= 10. The next t lines will contain two integers <span class="tex-font-style-bf"><span class="tex-font-style-it">n</span></span> and <span class="tex-font-style-bf"><span class="tex-font-style-it">m</span></span>: 0 &lt;= <span class="tex-font-style-bf"><span class="tex-font-style-it">n</span></span>,<span class="tex-font-style-bf"><span class="tex-font-style-it">m</span></span> &lt;= 1000.</p>', 'output_format': '<p>Print t lines — one line for each test case. For each test case, print a single integer — product of the two numbers.</p>', 'notes': ''}
[INFO] 2025-12-23 09:35:56,766 polygon_api | No test cases found in Redis for polygon_id 497346
[WARNING] 2025-12-23 09:35:56,766 views | Test cases not found in Redis, fetching from Polygon
[INFO] 2025-12-23 09:35:56,766 polygon_api | Fetching all test cases for 497346, testset
[INFO] 2025-12-23 09:35:57,022 polygon_api | Found 13 test cases to process
[INFO] 2025-12-23 09:35:57,022 polygon_api | Processing test case 1/13 (index: 1)
[DEBUG] 2025-12-23 09:35:57,023 polygon_api | Fetching input for test case 1
[DEBUG] 2025-12-23 09:35:57,313 polygon_api | Fetching output for test case 1
[INFO] 2025-12-23 09:35:57,587 polygon_api | Successfully fetched test case 1 - Input length: 8, Output length: 3
[INFO] 2025-12-23 09:35:57,587 polygon_api | Processing test case 2/13 (index: 2)
[DEBUG] 2025-12-23 09:35:57,587 polygon_api | Fetching input for test case 2
[DEBUG] 2025-12-23 09:35:57,875 polygon_api | Fetching output for test case 2
[INFO] 2025-12-23 09:35:58,179 polygon_api | Successfully fetched test case 2 - Input length: 20, Output length: 11
[INFO] 2025-12-23 09:35:58,179 polygon_api | Processing test case 3/13 (index: 3)
[DEBUG] 2025-12-23 09:35:58,179 polygon_api | Fetching input for test case 3
[DEBUG] 2025-12-23 09:35:58,467 polygon_api | Fetching output for test case 3
[INFO] 2025-12-23 09:35:58,764 polygon_api | Successfully fetched test case 3 - Input length: 38, Output length: 26
[INFO] 2025-12-23 09:35:58,764 polygon_api | Processing test case 4/13 (index: 4)
[DEBUG] 2025-12-23 09:35:58,764 polygon_api | Fetching input for test case 4
[DEBUG] 2025-12-23 09:35:59,038 polygon_api | Fetching output for test case 4
[INFO] 2025-12-23 09:35:59,333 polygon_api | Successfully fetched test case 4 - Input length: 73, Output length: 48
[INFO] 2025-12-23 09:35:59,333 polygon_api | Processing test case 5/13 (index: 5)
[DEBUG] 2025-12-23 09:35:59,333 polygon_api | Fetching input for test case 5
[DEBUG] 2025-12-23 09:35:59,610 polygon_api | Fetching output for test case 5
[INFO] 2025-12-23 09:35:59,931 polygon_api | Successfully fetched test case 5 - Input length: 52, Output length: 34
[INFO] 2025-12-23 09:35:59,931 polygon_api | Processing test case 6/13 (index: 6)
[DEBUG] 2025-12-23 09:35:59,931 polygon_api | Fetching input for test case 6
[DEBUG] 2025-12-23 09:36:00,223 polygon_api | Fetching output for test case 6
[INFO] 2025-12-23 09:36:00,533 polygon_api | Successfully fetched test case 6 - Input length: 76, Output length: 60
[INFO] 2025-12-23 09:36:00,534 polygon_api | Processing test case 7/13 (index: 7)
[DEBUG] 2025-12-23 09:36:00,534 polygon_api | Fetching input for test case 7
[DEBUG] 2025-12-23 09:36:00,923 polygon_api | Fetching output for test case 7
[INFO] 2025-12-23 09:36:01,336 polygon_api | Successfully fetched test case 7 - Input length: 51, Output length: 33
[INFO] 2025-12-23 09:36:01,336 polygon_api | Processing test case 8/13 (index: 8)
[DEBUG] 2025-12-23 09:36:01,336 polygon_api | Fetching input for test case 8
[DEBUG] 2025-12-23 09:36:01,750 polygon_api | Fetching output for test case 8
[INFO] 2025-12-23 09:36:02,154 polygon_api | Successfully fetched test case 8 - Input length: 20, Output length: 14
[INFO] 2025-12-23 09:36:02,154 polygon_api | Processing test case 9/13 (index: 9)
[DEBUG] 2025-12-23 09:36:02,154 polygon_api | Fetching input for test case 9
[DEBUG] 2025-12-23 09:36:02,535 polygon_api | Fetching output for test case 9
[INFO] 2025-12-23 09:36:03,076 polygon_api | Successfully fetched test case 9 - Input length: 45, Output length: 34
[INFO] 2025-12-23 09:36:03,076 polygon_api | Processing test case 10/13 (index: 10)
[DEBUG] 2025-12-23 09:36:03,077 polygon_api | Fetching input for test case 10
[DEBUG] 2025-12-23 09:36:03,588 polygon_api | Fetching output for test case 10
[INFO] 2025-12-23 09:36:04,213 polygon_api | Successfully fetched test case 10 - Input length: 35, Output length: 18
[INFO] 2025-12-23 09:36:04,213 polygon_api | Processing test case 11/13 (index: 11)
[DEBUG] 2025-12-23 09:36:04,213 polygon_api | Fetching input for test case 11
[DEBUG] 2025-12-23 09:36:04,823 polygon_api | Fetching output for test case 11
[INFO] 2025-12-23 09:36:05,123 polygon_api | Successfully fetched test case 11 - Input length: 56, Output length: 38
[INFO] 2025-12-23 09:36:05,123 polygon_api | Processing test case 12/13 (index: 12)
[DEBUG] 2025-12-23 09:36:05,123 polygon_api | Fetching input for test case 12
[DEBUG] 2025-12-23 09:36:05,540 polygon_api | Fetching output for test case 12
[INFO] 2025-12-23 09:36:05,950 polygon_api | Successfully fetched test case 12 - Input length: 32, Output length: 19
[INFO] 2025-12-23 09:36:05,950 polygon_api | Processing test case 13/13 (index: 13)
[DEBUG] 2025-12-23 09:36:05,950 polygon_api | Fetching input for test case 13
[DEBUG] 2025-12-23 09:36:06,353 polygon_api | Fetching output for test case 13
[INFO] 2025-12-23 09:36:06,760 polygon_api | Successfully fetched test case 13 - Input length: 18, Output length: 11
[INFO] 2025-12-23 09:36:06,760 polygon_api | Completed fetching all 13 test cases for problem 497346
[DEBUG] 2025-12-23 09:36:06,760 polygon_api | connecting to redis at address localhost:6379 with password: 
[INFO] 2025-12-23 09:36:06,763 polygon_api | Stored 13 test cases in Redis for polygon_id 497346
[DEBUG] 2025-12-23 09:36:07,172 views | checker_type=checker.cpp
[INFO] 2025-12-23 09:36:07,172 polygon_api | Fetching custom checker info for problem 497346
[DEBUG] 2025-12-23 09:36:07,480 polygon_api | Raw checker info: checker.cpp
[INFO] 2025-12-23 09:36:07,481 polygon_api | Custom checker detected: {'name': 'checker.cpp', 'type': 'custom'}
[INFO] 2025-12-23 09:36:07,481 polygon_api | Fetching test cases for 497346, testset
[DEBUG] 2025-12-23 09:36:07,889 views | test_case_count=13
[INFO] 2025-12-23 09:36:07,889 views | Exiting index view
[INFO] 2025-12-23 12:48:50,732 views | Entered index view with method=POST
[DEBUG] 2025-12-23 12:48:50,734 views | POST data: polygon_id=497346, migrate_to_azure=1, migrate_to_db=None, migrate_test_cases_to_db=None, difficulty=, selected_tags=[], new_tag=
[DEBUG] 2025-12-23 12:48:50,734 views | All POST data: {'csrfmiddlewaretoken': ['8SereTkJ3CZH0RoKITOyJJCwIVi5CCME5YjWWmtg4Zk1Erz1TioSQ0pLQuTZoYTX'], 'problem_id': ['497346'], 'migrate_to_azure': ['1']}
[INFO] 2025-12-23 12:48:50,734 views | Processing polygon_id=497346
[DEBUG] 2025-12-23 12:48:50,737 views | db_problem=Multiply two nums
[DEBUG] 2025-12-23 12:48:51,533 views | Updated working copy: None
[DEBUG] 2025-12-23 12:48:51,840 views | Fetched solutions: [{'name': 'solution.cpp', 'modificationTimeSeconds': 1766401304, 'length': 273, 'tag': 'MA', 'sourceType': 'cpp.g++14'}]
[INFO] 2025-12-23 12:48:52,143 views | Azure migration triggered for polygon_id=497346
[INFO] 2025-12-23 12:48:52,144 views | Problem found in DB, proceeding with Azure migration
[ERROR] 2025-12-23 12:48:52,144 views | Exception in index view: 'Settings' object has no attribute 'AZURE_CLIENT_SECRET'
Traceback (most recent call last):
  File "/home/vaik/Polygon-migration-assignment/Polygon-migration-assignment/PolygonMigration/problems/views.py", line 203, in index
    AZURE_CLIENT_SECRET = settings.AZURE_CLIENT_SECRET
                          ^^^^^^^^^^^^^^^^^^^^^^^^^^^^
  File "/home/vaik/Polygon-migration-assignment/Polygon-migration-assignment/venv/lib/python3.12/site-packages/django/conf/__init__.py", line 83, in __getattr__
    val = getattr(_wrapped, name)
          ^^^^^^^^^^^^^^^^^^^^^^^
AttributeError: 'Settings' object has no attribute 'AZURE_CLIENT_SECRET'. Did you mean: 'AZURE_CLIENT_ID'?
[INFO] 2025-12-23 12:49:41,176 views | Entered index view with method=POST
[DEBUG] 2025-12-23 12:49:41,177 views | POST data: polygon_id=497346, migrate_to_azure=1, migrate_to_db=None, migrate_test_cases_to_db=None, difficulty=, selected_tags=[], new_tag=
[DEBUG] 2025-12-23 12:49:41,177 views | All POST data: {'csrfmiddlewaretoken': ['8SereTkJ3CZH0RoKITOyJJCwIVi5CCME5YjWWmtg4Zk1Erz1TioSQ0pLQuTZoYTX'], 'problem_id': ['497346'], 'migrate_to_azure': ['1']}
[INFO] 2025-12-23 12:49:41,178 views | Processing polygon_id=497346
[DEBUG] 2025-12-23 12:49:41,179 views | db_problem=Multiply two nums
[DEBUG] 2025-12-23 12:49:41,824 views | Updated working copy: None
[DEBUG] 2025-12-23 12:49:42,075 views | Fetched solutions: [{'name': 'solution.cpp', 'modificationTimeSeconds': 1766401304, 'length': 273, 'tag': 'MA', 'sourceType': 'cpp.g++14'}]
[INFO] 2025-12-23 12:49:42,326 views | Azure migration triggered for polygon_id=497346
[INFO] 2025-12-23 12:49:42,328 views | Problem found in DB, proceeding with Azure migration
[INFO] 2025-12-23 12:49:42,328 views | Azure migration params: problem_id=1, container=polygon-migration
[INFO] 2025-12-23 12:49:42,329 polygon_api | pattern oj_dev_with_redis_storage_test_cases_1*
[INFO] 2025-12-23 12:49:42,330 polygon_api | Fetching custom checker info for problem 497346
[DEBUG] 2025-12-23 12:49:42,569 polygon_api | Raw checker info: checker.cpp
[INFO] 2025-12-23 12:49:42,569 polygon_api | Custom checker detected: {'name': 'checker.cpp', 'type': 'custom'}
[INFO] 2025-12-23 12:49:42,569 views | Custom checker detected before Azure migration: {'name': 'checker.cpp', 'type': 'custom'}
[INFO] 2025-12-23 12:49:42,569 views | Calling migrate_to_azure_blob
[INFO] 2025-12-23 12:49:42,654 polygon_api | Starting migrate_to_azure_blob for problem 497346
[INFO] 2025-12-23 12:49:42,655 polygon_api | No test cases found in Redis for polygon_id 497346
[WARNING] 2025-12-23 12:49:42,655 polygon_api | Test cases not found in Redis, fetching from Polygon
[INFO] 2025-12-23 12:49:42,655 polygon_api | Fetching all test cases for 497346, testset
[INFO] 2025-12-23 12:49:42,907 polygon_api | Found 13 test cases to process
[INFO] 2025-12-23 12:49:42,907 polygon_api | Processing test case 1/13 (index: 1)
[DEBUG] 2025-12-23 12:49:42,907 polygon_api | Fetching input for test case 1
[DEBUG] 2025-12-23 12:49:43,191 polygon_api | Fetching output for test case 1
[INFO] 2025-12-23 12:49:43,451 polygon_api | Successfully fetched test case 1 - Input length: 8, Output length: 3
[INFO] 2025-12-23 12:49:43,451 polygon_api | Processing test case 2/13 (index: 2)
[DEBUG] 2025-12-23 12:49:43,451 polygon_api | Fetching input for test case 2
[DEBUG] 2025-12-23 12:49:43,757 polygon_api | Fetching output for test case 2
[INFO] 2025-12-23 12:49:44,063 polygon_api | Successfully fetched test case 2 - Input length: 20, Output length: 11
[INFO] 2025-12-23 12:49:44,064 polygon_api | Processing test case 3/13 (index: 3)
[DEBUG] 2025-12-23 12:49:44,064 polygon_api | Fetching input for test case 3
[DEBUG] 2025-12-23 12:49:44,473 polygon_api | Fetching output for test case 3
[INFO] 2025-12-23 12:49:44,883 polygon_api | Successfully fetched test case 3 - Input length: 38, Output length: 26
[INFO] 2025-12-23 12:49:44,883 polygon_api | Processing test case 4/13 (index: 4)
[DEBUG] 2025-12-23 12:49:44,883 polygon_api | Fetching input for test case 4
[DEBUG] 2025-12-23 12:49:45,181 polygon_api | Fetching output for test case 4
[INFO] 2025-12-23 12:49:45,489 polygon_api | Successfully fetched test case 4 - Input length: 73, Output length: 48
[INFO] 2025-12-23 12:49:45,489 polygon_api | Processing test case 5/13 (index: 5)
[DEBUG] 2025-12-23 12:49:45,489 polygon_api | Fetching input for test case 5
[DEBUG] 2025-12-23 12:49:45,804 polygon_api | Fetching output for test case 5
[INFO] 2025-12-23 12:49:46,114 polygon_api | Successfully fetched test case 5 - Input length: 52, Output length: 34
[INFO] 2025-12-23 12:49:46,114 polygon_api | Processing test case 6/13 (index: 6)
[DEBUG] 2025-12-23 12:49:46,114 polygon_api | Fetching input for test case 6
[DEBUG] 2025-12-23 12:49:46,419 polygon_api | Fetching output for test case 6
[INFO] 2025-12-23 12:49:46,726 polygon_api | Successfully fetched test case 6 - Input length: 76, Output length: 60
[INFO] 2025-12-23 12:49:46,726 polygon_api | Processing test case 7/13 (index: 7)
[DEBUG] 2025-12-23 12:49:46,726 polygon_api | Fetching input for test case 7
[DEBUG] 2025-12-23 12:49:47,038 polygon_api | Fetching output for test case 7
[INFO] 2025-12-23 12:49:47,343 polygon_api | Successfully fetched test case 7 - Input length: 51, Output length: 33
[INFO] 2025-12-23 12:49:47,343 polygon_api | Processing test case 8/13 (index: 8)
[DEBUG] 2025-12-23 12:49:47,343 polygon_api | Fetching input for test case 8
[DEBUG] 2025-12-23 12:49:47,752 polygon_api | Fetching output for test case 8
[INFO] 2025-12-23 12:49:48,161 polygon_api | Successfully fetched test case 8 - Input length: 20, Output length: 14
[INFO] 2025-12-23 12:49:48,161 polygon_api | Processing test case 9/13 (index: 9)
[DEBUG] 2025-12-23 12:49:48,162 polygon_api | Fetching input for test case 9
[DEBUG] 2025-12-23 12:49:48,570 polygon_api | Fetching output for test case 9
[INFO] 2025-12-23 12:49:48,879 polygon_api | Successfully fetched test case 9 - Input length: 45, Output length: 34
[INFO] 2025-12-23 12:49:48,879 polygon_api | Processing test case 10/13 (index: 10)
[DEBUG] 2025-12-23 12:49:48,879 polygon_api | Fetching input for test case 10
[DEBUG] 2025-12-23 12:49:49,187 polygon_api | Fetching output for test case 10
[INFO] 2025-12-23 12:49:49,494 polygon_api | Successfully fetched test case 10 - Input length: 35, Output length: 18
[INFO] 2025-12-23 12:49:49,494 polygon_api | Processing test case 11/13 (index: 11)
[DEBUG] 2025-12-23 12:49:49,494 polygon_api | Fetching input for test case 11
[DEBUG] 2025-12-23 12:49:49,899 polygon_api | Fetching output for test case 11
[INFO] 2025-12-23 12:49:50,310 polygon_api | Successfully fetched test case 11 - Input length: 56, Output length: 38
[INFO] 2025-12-23 12:49:50,311 polygon_api | Processing test case 12/13 (index: 12)
[DEBUG] 2025-12-23 12:49:50,311 polygon_api | Fetching input for test case 12
[DEBUG] 2025-12-23 12:49:50,616 polygon_api | Fetching output for test case 12
[INFO] 2025-12-23 12:49:50,921 polygon_api | Successfully fetched test case 12 - Input length: 32, Output length: 19
[INFO] 2025-12-23 12:49:50,922 polygon_api | Processing test case 13/13 (index: 13)
[DEBUG] 2025-12-23 12:49:50,922 polygon_api | Fetching input for test case 13
[DEBUG] 2025-12-23 12:49:51,233 polygon_api | Fetching output for test case 13
[INFO] 2025-12-23 12:49:51,541 polygon_api | Successfully fetched test case 13 - Input length: 18, Output length: 11
[INFO] 2025-12-23 12:49:51,541 polygon_api | Completed fetching all 13 test cases for problem 497346
[DEBUG] 2025-12-23 12:49:51,541 polygon_api | connecting to redis at address 127.0.0.1:6379 with password: 
[INFO] 2025-12-23 12:49:51,544 polygon_api | Stored 13 test cases in Redis for polygon_id 497346
[INFO] 2025-12-23 12:49:51,544 polygon_api | Retrieved 13 test cases for Azure migration
[INFO] 2025-12-23 12:49:51,544 AzureTestcase | Attempting to authenticate...
[INFO] 2025-12-23 12:49:51,545 AzureTestcase | Authentication successful. BlobServiceClient created.
[INFO] 2025-12-23 12:49:51,545 polygon_api | Using problem_id_for_naming: 1
[INFO] 2025-12-23 12:49:51,545 polygon_api | Deleting existing test cases from Azure
[ERROR] 2025-12-23 12:49:54,573 AzureTestcase | Error deleting blobs for problem 1: This request is not authorized to perform this operation using this permission.
RequestId:ae6c4fb5-801e-0048-3d0a-7414c5000000
Time:2025-12-23T12:49:54.8586648Z
ErrorCode:AuthorizationPermissionMismatch
Content: <?xml version="1.0" encoding="utf-8"?><Error><Code>AuthorizationPermissionMismatch</Code><Message>This request is not authorized to perform this operation using this permission.
RequestId:ae6c4fb5-801e-0048-3d0a-7414c5000000
Time:2025-12-23T12:49:54.8586648Z</Message></Error>
[ERROR] 2025-12-23 12:49:54,794 AzureTestcase | Error uploading test case #1: This request is not authorized to perform this operation using this permission.
RequestId:ae6c507c-801e-0048-6a0a-7414c5000000
Time:2025-12-23T12:49:55.0812657Z
ErrorCode:AuthorizationPermissionMismatch
Content: <?xml version="1.0" encoding="utf-8"?><Error><Code>AuthorizationPermissionMismatch</Code><Message>This request is not authorized to perform this operation using this permission.
RequestId:ae6c507c-801e-0048-6a0a-7414c5000000
Time:2025-12-23T12:49:55.0812657Z</Message></Error>
[ERROR] 2025-12-23 12:49:55,018 AzureTestcase | Error uploading test case #2: This request is not authorized to perform this operation using this permission.
RequestId:ae6c50ac-801e-0048-120a-7414c5000000
Time:2025-12-23T12:49:55.2992811Z
ErrorCode:AuthorizationPermissionMismatch
Content: <?xml version="1.0" encoding="utf-8"?><Error><Code>AuthorizationPermissionMismatch</Code><Message>This request is not authorized to perform this operation using this permission.
RequestId:ae6c50ac-801e-0048-120a-7414c5000000
Time:2025-12-23T12:49:55.2992811Z</Message></Error>
[ERROR] 2025-12-23 12:49:55,235 AzureTestcase | Error uploading test case #3: This request is not authorized to perform this operation using this permission.
RequestId:ae6c50e8-801e-0048-420a-7414c5000000
Time:2025-12-23T12:49:55.5228881Z
ErrorCode:AuthorizationPermissionMismatch
Content: <?xml version="1.0" encoding="utf-8"?><Error><Code>AuthorizationPermissionMismatch</Code><Message>This request is not authorized to perform this operation using this permission.
RequestId:ae6c50e8-801e-0048-420a-7414c5000000
Time:2025-12-23T12:49:55.5228881Z</Message></Error>
[ERROR] 2025-12-23 12:49:55,534 AzureTestcase | Error uploading test case #4: This request is not authorized to perform this operation using this permission.
RequestId:ae6c5114-801e-0048-660a-7414c5000000
Time:2025-12-23T12:49:55.7409141Z
ErrorCode:AuthorizationPermissionMismatch
Content: <?xml version="1.0" encoding="utf-8"?><Error><Code>AuthorizationPermissionMismatch</Code><Message>This request is not authorized to perform this operation using this permission.
RequestId:ae6c5114-801e-0048-660a-7414c5000000
Time:2025-12-23T12:49:55.7409141Z</Message></Error>
[ERROR] 2025-12-23 12:49:55,840 AzureTestcase | Error uploading test case #5: This request is not authorized to perform this operation using this permission.
RequestId:ae6c5163-801e-0048-1f0a-7414c5000000
Time:2025-12-23T12:49:56.0407791Z
ErrorCode:AuthorizationPermissionMismatch
Content: <?xml version="1.0" encoding="utf-8"?><Error><Code>AuthorizationPermissionMismatch</Code><Message>This request is not authorized to perform this operation using this permission.
RequestId:ae6c5163-801e-0048-1f0a-7414c5000000
Time:2025-12-23T12:49:56.0407791Z</Message></Error>
[ERROR] 2025-12-23 12:49:56,058 AzureTestcase | Error uploading test case #6: This request is not authorized to perform this operation using this permission.
RequestId:ae6c51a4-801e-0048-500a-7414c5000000
Time:2025-12-23T12:49:56.3456740Z
ErrorCode:AuthorizationPermissionMismatch
Content: <?xml version="1.0" encoding="utf-8"?><Error><Code>AuthorizationPermissionMismatch</Code><Message>This request is not authorized to perform this operation using this permission.
RequestId:ae6c51a4-801e-0048-500a-7414c5000000
Time:2025-12-23T12:49:56.3456740Z</Message></Error>
[ERROR] 2025-12-23 12:49:56,283 AzureTestcase | Error uploading test case #7: This request is not authorized to perform this operation using this permission.
RequestId:ae6c51d0-801e-0048-770a-7414c5000000
Time:2025-12-23T12:49:56.5703897Z
ErrorCode:AuthorizationPermissionMismatch
Content: <?xml version="1.0" encoding="utf-8"?><Error><Code>AuthorizationPermissionMismatch</Code><Message>This request is not authorized to perform this operation using this permission.
RequestId:ae6c51d0-801e-0048-770a-7414c5000000
Time:2025-12-23T12:49:56.5703897Z</Message></Error>
[ERROR] 2025-12-23 12:49:56,501 AzureTestcase | Error uploading test case #8: This request is not authorized to perform this operation using this permission.
RequestId:ae6c5209-801e-0048-250a-7414c5000000
Time:2025-12-23T12:49:56.7888897Z
ErrorCode:AuthorizationPermissionMismatch
Content: <?xml version="1.0" encoding="utf-8"?><Error><Code>AuthorizationPermissionMismatch</Code><Message>This request is not authorized to perform this operation using this permission.
RequestId:ae6c5209-801e-0048-250a-7414c5000000
Time:2025-12-23T12:49:56.7888897Z</Message></Error>
[ERROR] 2025-12-23 12:49:56,719 AzureTestcase | Error uploading test case #9: This request is not authorized to perform this operation using this permission.
RequestId:ae6c5231-801e-0048-490a-7414c5000000
Time:2025-12-23T12:49:57.0065808Z
ErrorCode:AuthorizationPermissionMismatch
Content: <?xml version="1.0" encoding="utf-8"?><Error><Code>AuthorizationPermissionMismatch</Code><Message>This request is not authorized to perform this operation using this permission.
RequestId:ae6c5231-801e-0048-490a-7414c5000000
Time:2025-12-23T12:49:57.0065808Z</Message></Error>
[ERROR] 2025-12-23 12:49:56,939 AzureTestcase | Error uploading test case #10: This request is not authorized to perform this operation using this permission.
RequestId:ae6c5263-801e-0048-6d0a-7414c5000000
Time:2025-12-23T12:49:57.2259192Z
ErrorCode:AuthorizationPermissionMismatch
Content: <?xml version="1.0" encoding="utf-8"?><Error><Code>AuthorizationPermissionMismatch</Code><Message>This request is not authorized to perform this operation using this permission.
RequestId:ae6c5263-801e-0048-6d0a-7414c5000000
Time:2025-12-23T12:49:57.2259192Z</Message></Error>
[ERROR] 2025-12-23 12:49:57,157 AzureTestcase | Error uploading test case #11: This request is not authorized to perform this operation using this permission.
RequestId:ae6c52a0-801e-0048-200a-7414c5000000
Time:2025-12-23T12:49:57.4447014Z
ErrorCode:AuthorizationPermissionMismatch
Content: <?xml version="1.0" encoding="utf-8"?><Error><Code>AuthorizationPermissionMismatch</Code><Message>This request is not authorized to perform this operation using this permission.
RequestId:ae6c52a0-801e-0048-200a-7414c5000000
Time:2025-12-23T12:49:57.4447014Z</Message></Error>
[ERROR] 2025-12-23 12:49:57,376 AzureTestcase | Error uploading test case #12: This request is not authorized to perform this operation using this permission.
RequestId:ae6c52d2-801e-0048-440a-7414c5000000
Time:2025-12-23T12:49:57.6633867Z
ErrorCode:AuthorizationPermissionMismatch
Content: <?xml version="1.0" encoding="utf-8"?><Error><Code>AuthorizationPermissionMismatch</Code><Message>This request is not authorized to perform this operation using this permission.
RequestId:ae6c52d2-801e-0048-440a-7414c5000000
Time:2025-12-23T12:49:57.6633867Z</Message></Error>
[ERROR] 2025-12-23 12:49:57,594 AzureTestcase | Error uploading test case #13: This request is not authorized to perform this operation using this permission.
RequestId:ae6c52fb-801e-0048-630a-7414c5000000
Time:2025-12-23T12:49:57.8815768Z
ErrorCode:AuthorizationPermissionMismatch
Content: <?xml version="1.0" encoding="utf-8"?><Error><Code>AuthorizationPermissionMismatch</Code><Message>This request is not authorized to perform this operation using this permission.
RequestId:ae6c52fb-801e-0048-630a-7414c5000000
Time:2025-12-23T12:49:57.8815768Z</Message></Error>
[INFO] 2025-12-23 12:49:57,595 polygon_api | Uploaded 13 test cases to Azure
[INFO] 2025-12-23 12:49:57,595 polygon_api | Starting custom checker processing for problem 497346
[ERROR] 2025-12-23 12:49:57,595 views | Azure migration failed: name 'azure_username' is not defined
Traceback (most recent call last):
  File "/home/vaik/Polygon-migration-assignment/Polygon-migration-assignment/PolygonMigration/problems/views.py", line 222, in index
    api.migrate_to_azure_blob(
  File "/home/vaik/Polygon-migration-assignment/Polygon-migration-assignment/PolygonMigration/problems/polygon_api.py", line 804, in migrate_to_azure_blob
    azure_username,
    ^^^^^^^^^^^^^^
NameError: name 'azure_username' is not defined
[ERROR] 2025-12-23 12:49:57,601 views | Exception in index view: name 'azure_username' is not defined
Traceback (most recent call last):
  File "/home/vaik/Polygon-migration-assignment/Polygon-migration-assignment/PolygonMigration/problems/views.py", line 222, in index
    api.migrate_to_azure_blob(
  File "/home/vaik/Polygon-migration-assignment/Polygon-migration-assignment/PolygonMigration/problems/polygon_api.py", line 804, in migrate_to_azure_blob
    azure_username,
    ^^^^^^^^^^^^^^
NameError: name 'azure_username' is not defined
[INFO] 2025-12-23 12:57:23,819 views | Entered index view with method=POST
[DEBUG] 2025-12-23 12:57:23,819 views | POST data: polygon_id=497346, migrate_to_azure=1, migrate_to_db=None, migrate_test_cases_to_db=None, difficulty=, selected_tags=[], new_tag=
[DEBUG] 2025-12-23 12:57:23,820 views | All POST data: {'csrfmiddlewaretoken': ['8SereTkJ3CZH0RoKITOyJJCwIVi5CCME5YjWWmtg4Zk1Erz1TioSQ0pLQuTZoYTX'], 'problem_id': ['497346'], 'migrate_to_azure': ['1']}
[INFO] 2025-12-23 12:57:23,820 views | Processing polygon_id=497346
[DEBUG] 2025-12-23 12:57:23,821 views | db_problem=Multiply two nums
[DEBUG] 2025-12-23 12:57:24,557 views | Updated working copy: None
[DEBUG] 2025-12-23 12:57:24,967 views | Fetched solutions: [{'name': 'solution.cpp', 'modificationTimeSeconds': 1766401304, 'length': 273, 'tag': 'MA', 'sourceType': 'cpp.g++14'}]
[INFO] 2025-12-23 12:57:25,273 views | Azure migration triggered for polygon_id=497346
[INFO] 2025-12-23 12:57:25,275 views | Problem found in DB, proceeding with Azure migration
[INFO] 2025-12-23 12:57:25,275 views | Azure migration params: problem_id=1, container=polygon-migration
[INFO] 2025-12-23 12:57:25,276 polygon_api | pattern oj_dev_with_redis_storage_test_cases_1*
[INFO] 2025-12-23 12:57:25,277 polygon_api | Fetching custom checker info for problem 497346
[DEBUG] 2025-12-23 12:57:25,580 polygon_api | Raw checker info: checker.cpp
[INFO] 2025-12-23 12:57:25,580 polygon_api | Custom checker detected: {'name': 'checker.cpp', 'type': 'custom'}
[INFO] 2025-12-23 12:57:25,580 views | Custom checker detected before Azure migration: {'name': 'checker.cpp', 'type': 'custom'}
[INFO] 2025-12-23 12:57:25,580 views | Calling migrate_to_azure_blob
[INFO] 2025-12-23 12:57:25,667 polygon_api | Starting migrate_to_azure_blob for problem 497346
[INFO] 2025-12-23 12:57:25,669 polygon_api | Retrieved 13 test cases from Redis for polygon_id 497346
[INFO] 2025-12-23 12:57:25,669 polygon_api | Retrieved test cases from Redis for Azure migration (saved Polygon API call)
[INFO] 2025-12-23 12:57:25,669 polygon_api | Retrieved 13 test cases for Azure migration
[INFO] 2025-12-23 12:57:25,669 AzureTestcase | Attempting to authenticate...
[INFO] 2025-12-23 12:57:25,670 AzureTestcase | Authentication successful. BlobServiceClient created.
[INFO] 2025-12-23 12:57:25,670 polygon_api | Using problem_id_for_naming: 1
[INFO] 2025-12-23 12:57:25,670 polygon_api | Deleting existing test cases from Azure
[INFO] 2025-12-23 12:57:27,955 AzureTestcase | Deleted 0 blobs for problem 1 in container polygon-migration.
[INFO] 2025-12-23 12:57:28,237 AzureTestcase | Uploaded input for test #1 to test_cases/1/01
[INFO] 2025-12-23 12:57:28,551 AzureTestcase | Uploaded output for test #1 to test_cases/1/01.a
[INFO] 2025-12-23 12:57:28,857 AzureTestcase | Uploaded input for test #2 to test_cases/1/02
[INFO] 2025-12-23 12:57:29,164 AzureTestcase | Uploaded output for test #2 to test_cases/1/02.a
[INFO] 2025-12-23 12:57:29,480 AzureTestcase | Uploaded input for test #3 to test_cases/1/03
[INFO] 2025-12-23 12:57:29,942 AzureTestcase | Uploaded output for test #3 to test_cases/1/03.a
[INFO] 2025-12-23 12:57:30,291 AzureTestcase | Uploaded input for test #4 to test_cases/1/04
[INFO] 2025-12-23 12:57:30,905 AzureTestcase | Uploaded output for test #4 to test_cases/1/04.a
[INFO] 2025-12-23 12:57:31,137 AzureTestcase | Uploaded input for test #5 to test_cases/1/05
[INFO] 2025-12-23 12:57:31,429 AzureTestcase | Uploaded output for test #5 to test_cases/1/05.a
[INFO] 2025-12-23 12:57:31,718 AzureTestcase | Uploaded input for test #6 to test_cases/1/06
[INFO] 2025-12-23 12:57:32,032 AzureTestcase | Uploaded output for test #6 to test_cases/1/06.a
[INFO] 2025-12-23 12:57:32,339 AzureTestcase | Uploaded input for test #7 to test_cases/1/07
[INFO] 2025-12-23 12:57:32,640 AzureTestcase | Uploaded output for test #7 to test_cases/1/07.a
[INFO] 2025-12-23 12:57:32,961 AzureTestcase | Uploaded input for test #8 to test_cases/1/08
[INFO] 2025-12-23 12:57:33,189 AzureTestcase | Uploaded output for test #8 to test_cases/1/08.a
[INFO] 2025-12-23 12:57:33,568 AzureTestcase | Uploaded input for test #9 to test_cases/1/09
[INFO] 2025-12-23 12:57:33,972 AzureTestcase | Uploaded output for test #9 to test_cases/1/09.a
[INFO] 2025-12-23 12:57:34,284 AzureTestcase | Uploaded input for test #10 to test_cases/1/10
[INFO] 2025-12-23 12:57:34,592 AzureTestcase | Uploaded output for test #10 to test_cases/1/10.a
[INFO] 2025-12-23 12:57:34,899 AzureTestcase | Uploaded input for test #11 to test_cases/1/11
[INFO] 2025-12-23 12:57:35,127 AzureTestcase | Uploaded output for test #11 to test_cases/1/11.a
[INFO] 2025-12-23 12:57:35,513 AzureTestcase | Uploaded input for test #12 to test_cases/1/12
[INFO] 2025-12-23 12:57:35,820 AzureTestcase | Uploaded output for test #12 to test_cases/1/12.a
[INFO] 2025-12-23 12:57:36,230 AzureTestcase | Uploaded input for test #13 to test_cases/1/13
[INFO] 2025-12-23 12:57:36,537 AzureTestcase | Uploaded output for test #13 to test_cases/1/13.a
[INFO] 2025-12-23 12:57:36,537 polygon_api | Uploaded 13 test cases to Azure
[INFO] 2025-12-23 12:57:36,537 polygon_api | Starting custom checker processing for problem 497346
[INFO] 2025-12-23 12:57:36,537 polygon_api | Processing custom checker for problem 497346
[INFO] 2025-12-23 12:57:36,537 polygon_api | Fetching custom checker info for problem 497346
[DEBUG] 2025-12-23 12:57:37,050 polygon_api | Raw checker info: checker.cpp
[INFO] 2025-12-23 12:57:37,050 polygon_api | Custom checker detected: {'name': 'checker.cpp', 'type': 'custom'}
[INFO] 2025-12-23 12:57:37,051 polygon_api | Custom checker info retrieved: {'name': 'checker.cpp', 'type': 'custom'}
[INFO] 2025-12-23 12:57:37,051 polygon_api | Fetching custom checker file checker.cpp via API for problem 497346
[INFO] 2025-12-23 12:57:37,465 polygon_api | Successfully fetched custom checker file via API, content length: 632
[INFO] 2025-12-23 12:57:37,465 polygon_api | Custom checker source code fetched successfully, length: 632
[INFO] 2025-12-23 12:57:37,466 polygon_api | Initializing Azure Blob Manager for custom checker upload
[ERROR] 2025-12-23 12:57:37,466 views | Azure migration failed: AzureBlobManager.__init__() got an unexpected keyword argument 'username'
Traceback (most recent call last):
  File "/home/vaik/Polygon-migration-assignment/Polygon-migration-assignment/PolygonMigration/problems/views.py", line 222, in index
    api.migrate_to_azure_blob(
  File "/home/vaik/Polygon-migration-assignment/Polygon-migration-assignment/PolygonMigration/problems/polygon_api.py", line 799, in migrate_to_azure_blob
    self.upload_custom_checker_to_azure(
  File "/home/vaik/Polygon-migration-assignment/Polygon-migration-assignment/PolygonMigration/problems/polygon_api.py", line 608, in upload_custom_checker_to_azure
    blob_manager = AzureBlobManager(
                   ^^^^^^^^^^^^^^^^^
TypeError: AzureBlobManager.__init__() got an unexpected keyword argument 'username'
[ERROR] 2025-12-23 12:57:37,468 views | Exception in index view: AzureBlobManager.__init__() got an unexpected keyword argument 'username'
Traceback (most recent call last):
  File "/home/vaik/Polygon-migration-assignment/Polygon-migration-assignment/PolygonMigration/problems/views.py", line 222, in index
    api.migrate_to_azure_blob(
  File "/home/vaik/Polygon-migration-assignment/Polygon-migration-assignment/PolygonMigration/problems/polygon_api.py", line 799, in migrate_to_azure_blob
    self.upload_custom_checker_to_azure(
  File "/home/vaik/Polygon-migration-assignment/Polygon-migration-assignment/PolygonMigration/problems/polygon_api.py", line 608, in upload_custom_checker_to_azure
    blob_manager = AzureBlobManager(
                   ^^^^^^^^^^^^^^^^^
TypeError: AzureBlobManager.__init__() got an unexpected keyword argument 'username'
[INFO] 2025-12-23 12:58:55,380 views | Entered index view with method=POST
[DEBUG] 2025-12-23 12:58:55,381 views | POST data: polygon_id=497346, migrate_to_azure=1, migrate_to_db=None, migrate_test_cases_to_db=None, difficulty=, selected_tags=[], new_tag=
[DEBUG] 2025-12-23 12:58:55,381 views | All POST data: {'csrfmiddlewaretoken': ['8SereTkJ3CZH0RoKITOyJJCwIVi5CCME5YjWWmtg4Zk1Erz1TioSQ0pLQuTZoYTX'], 'problem_id': ['497346'], 'migrate_to_azure': ['1']}
[INFO] 2025-12-23 12:58:55,381 views | Processing polygon_id=497346
[DEBUG] 2025-12-23 12:58:55,383 views | db_problem=Multiply two nums
[DEBUG] 2025-12-23 12:58:56,103 views | Updated working copy: None
[DEBUG] 2025-12-23 12:58:56,410 views | Fetched solutions: [{'name': 'solution.cpp', 'modificationTimeSeconds': 1766401304, 'length': 273, 'tag': 'MA', 'sourceType': 'cpp.g++14'}]
[INFO] 2025-12-23 12:58:56,934 views | Azure migration triggered for polygon_id=497346
[INFO] 2025-12-23 12:58:56,936 views | Problem found in DB, proceeding with Azure migration
[INFO] 2025-12-23 12:58:56,936 views | Azure migration params: problem_id=1, container=polygon-migration
[INFO] 2025-12-23 12:58:56,936 polygon_api | pattern oj_dev_with_redis_storage_test_cases_1*
[INFO] 2025-12-23 12:58:56,938 polygon_api | Fetching custom checker info for problem 497346
[DEBUG] 2025-12-23 12:58:57,229 polygon_api | Raw checker info: checker.cpp
[INFO] 2025-12-23 12:58:57,229 polygon_api | Custom checker detected: {'name': 'checker.cpp', 'type': 'custom'}
[INFO] 2025-12-23 12:58:57,230 views | Custom checker detected before Azure migration: {'name': 'checker.cpp', 'type': 'custom'}
[INFO] 2025-12-23 12:58:57,230 views | Calling migrate_to_azure_blob
[INFO] 2025-12-23 12:58:57,321 polygon_api | Starting migrate_to_azure_blob for problem 497346
[INFO] 2025-12-23 12:58:57,323 polygon_api | Retrieved 13 test cases from Redis for polygon_id 497346
[INFO] 2025-12-23 12:58:57,323 polygon_api | Retrieved test cases from Redis for Azure migration (saved Polygon API call)
[INFO] 2025-12-23 12:58:57,323 polygon_api | Retrieved 13 test cases for Azure migration
[INFO] 2025-12-23 12:58:57,323 AzureTestcase | Attempting to authenticate...
[INFO] 2025-12-23 12:58:57,323 AzureTestcase | Authentication successful. BlobServiceClient created.
[INFO] 2025-12-23 12:58:57,323 polygon_api | Using problem_id_for_naming: 1
[INFO] 2025-12-23 12:58:57,323 polygon_api | Deleting existing test cases from Azure
[INFO] 2025-12-23 12:58:59,193 AzureTestcase | Deleting blob: test_cases/1/01
[INFO] 2025-12-23 12:58:59,415 AzureTestcase | Deleting blob: test_cases/1/01.a
[INFO] 2025-12-23 12:58:59,687 AzureTestcase | Deleting blob: test_cases/1/02
[INFO] 2025-12-23 12:58:59,987 AzureTestcase | Deleting blob: test_cases/1/02.a
[INFO] 2025-12-23 12:59:00,214 AzureTestcase | Deleting blob: test_cases/1/03
[INFO] 2025-12-23 12:59:00,505 AzureTestcase | Deleting blob: test_cases/1/03.a
[INFO] 2025-12-23 12:59:00,807 AzureTestcase | Deleting blob: test_cases/1/04
[INFO] 2025-12-23 12:59:01,029 AzureTestcase | Deleting blob: test_cases/1/04.a
[INFO] 2025-12-23 12:59:01,251 AzureTestcase | Deleting blob: test_cases/1/05
[INFO] 2025-12-23 12:59:01,538 AzureTestcase | Deleting blob: test_cases/1/05.a
[INFO] 2025-12-23 12:59:01,837 AzureTestcase | Deleting blob: test_cases/1/06
[INFO] 2025-12-23 12:59:02,145 AzureTestcase | Deleting blob: test_cases/1/06.a
[INFO] 2025-12-23 12:59:02,452 AzureTestcase | Deleting blob: test_cases/1/07
[INFO] 2025-12-23 12:59:02,758 AzureTestcase | Deleting blob: test_cases/1/07.a
[INFO] 2025-12-23 12:59:03,067 AzureTestcase | Deleting blob: test_cases/1/08
[INFO] 2025-12-23 12:59:03,373 AzureTestcase | Deleting blob: test_cases/1/08.a
[INFO] 2025-12-23 12:59:03,681 AzureTestcase | Deleting blob: test_cases/1/09
[INFO] 2025-12-23 12:59:04,089 AzureTestcase | Deleting blob: test_cases/1/09.a
[INFO] 2025-12-23 12:59:04,391 AzureTestcase | Deleting blob: test_cases/1/10
[INFO] 2025-12-23 12:59:04,613 AzureTestcase | Deleting blob: test_cases/1/10.a
[INFO] 2025-12-23 12:59:04,909 AzureTestcase | Deleting blob: test_cases/1/11
[INFO] 2025-12-23 12:59:05,218 AzureTestcase | Deleting blob: test_cases/1/11.a
[INFO] 2025-12-23 12:59:05,524 AzureTestcase | Deleting blob: test_cases/1/12
[INFO] 2025-12-23 12:59:05,831 AzureTestcase | Deleting blob: test_cases/1/12.a
[INFO] 2025-12-23 12:59:06,137 AzureTestcase | Deleting blob: test_cases/1/13
[INFO] 2025-12-23 12:59:06,445 AzureTestcase | Deleting blob: test_cases/1/13.a
[INFO] 2025-12-23 12:59:06,752 AzureTestcase | Deleted 26 blobs for problem 1 in container polygon-migration.
[INFO] 2025-12-23 12:59:07,059 AzureTestcase | Uploaded input for test #1 to test_cases/1/01
[INFO] 2025-12-23 12:59:07,367 AzureTestcase | Uploaded output for test #1 to test_cases/1/01.a
[INFO] 2025-12-23 12:59:07,674 AzureTestcase | Uploaded input for test #2 to test_cases/1/02
[INFO] 2025-12-23 12:59:07,925 AzureTestcase | Uploaded output for test #2 to test_cases/1/02.a
[INFO] 2025-12-23 12:59:08,186 AzureTestcase | Uploaded input for test #3 to test_cases/1/03
[INFO] 2025-12-23 12:59:08,493 AzureTestcase | Uploaded output for test #3 to test_cases/1/03.a
[INFO] 2025-12-23 12:59:08,800 AzureTestcase | Uploaded input for test #4 to test_cases/1/04
[INFO] 2025-12-23 12:59:09,115 AzureTestcase | Uploaded output for test #4 to test_cases/1/04.a
[INFO] 2025-12-23 12:59:09,422 AzureTestcase | Uploaded input for test #5 to test_cases/1/05
[INFO] 2025-12-23 12:59:09,722 AzureTestcase | Uploaded output for test #5 to test_cases/1/05.a
[INFO] 2025-12-23 12:59:09,972 AzureTestcase | Uploaded input for test #6 to test_cases/1/06
[INFO] 2025-12-23 12:59:10,229 AzureTestcase | Uploaded output for test #6 to test_cases/1/06.a
[INFO] 2025-12-23 12:59:10,451 AzureTestcase | Uploaded input for test #7 to test_cases/1/07
[INFO] 2025-12-23 12:59:10,757 AzureTestcase | Uploaded output for test #7 to test_cases/1/07.a
[INFO] 2025-12-23 12:59:11,053 AzureTestcase | Uploaded input for test #8 to test_cases/1/08
[INFO] 2025-12-23 12:59:11,360 AzureTestcase | Uploaded output for test #8 to test_cases/1/08.a
[INFO] 2025-12-23 12:59:11,667 AzureTestcase | Uploaded input for test #9 to test_cases/1/09
[INFO] 2025-12-23 12:59:11,971 AzureTestcase | Uploaded output for test #9 to test_cases/1/09.a
[INFO] 2025-12-23 12:59:12,282 AzureTestcase | Uploaded input for test #10 to test_cases/1/10
[INFO] 2025-12-23 12:59:12,515 AzureTestcase | Uploaded output for test #10 to test_cases/1/10.a
[INFO] 2025-12-23 12:59:12,890 AzureTestcase | Uploaded input for test #11 to test_cases/1/11
[INFO] 2025-12-23 12:59:13,203 AzureTestcase | Uploaded output for test #11 to test_cases/1/11.a
[INFO] 2025-12-23 12:59:13,437 AzureTestcase | Uploaded input for test #12 to test_cases/1/12
[INFO] 2025-12-23 12:59:13,716 AzureTestcase | Uploaded output for test #12 to test_cases/1/12.a
[INFO] 2025-12-23 12:59:14,534 AzureTestcase | Uploaded input for test #13 to test_cases/1/13
[INFO] 2025-12-23 12:59:14,759 AzureTestcase | Uploaded output for test #13 to test_cases/1/13.a
[INFO] 2025-12-23 12:59:14,759 polygon_api | Uploaded 13 test cases to Azure
[INFO] 2025-12-23 12:59:14,759 polygon_api | Starting custom checker processing for problem 497346
[INFO] 2025-12-23 12:59:14,759 polygon_api | Processing custom checker for problem 497346
[INFO] 2025-12-23 12:59:14,759 polygon_api | Fetching custom checker info for problem 497346
[DEBUG] 2025-12-23 12:59:15,150 polygon_api | Raw checker info: checker.cpp
[INFO] 2025-12-23 12:59:15,150 polygon_api | Custom checker detected: {'name': 'checker.cpp', 'type': 'custom'}
[INFO] 2025-12-23 12:59:15,150 polygon_api | Custom checker info retrieved: {'name': 'checker.cpp', 'type': 'custom'}
[INFO] 2025-12-23 12:59:15,150 polygon_api | Fetching custom checker file checker.cpp via API for problem 497346
[INFO] 2025-12-23 12:59:15,451 polygon_api | Successfully fetched custom checker file via API, content length: 632
[INFO] 2025-12-23 12:59:15,451 polygon_api | Custom checker source code fetched successfully, length: 632
[INFO] 2025-12-23 12:59:15,451 polygon_api | Initializing Azure Blob Manager for custom checker upload
[INFO] 2025-12-23 12:59:15,451 AzureTestcase | Attempting to authenticate...
[INFO] 2025-12-23 12:59:15,452 AzureTestcase | Authentication successful. BlobServiceClient created.
[INFO] 2025-12-23 12:59:15,452 polygon_api | Created temporary directory for compilation: /tmp/tmpp2jk4j_7
[INFO] 2025-12-23 12:59:15,453 polygon_api | Compiling custom checker in /tmp/tmpp2jk4j_7
[INFO] 2025-12-23 12:59:15,453 polygon_api | Found g++ at: /usr/bin/g++
[INFO] 2025-12-23 12:59:15,453 polygon_api | Source code written to: /tmp/tmpp2jk4j_7/custom_checker.cpp
[INFO] 2025-12-23 12:59:15,453 polygon_api | Running compilation command: g++ -std=gnu++17 -O2 -o /tmp/tmpp2jk4j_7/custom_checker /tmp/tmpp2jk4j_7/custom_checker.cpp
[INFO] 2025-12-23 12:59:15,467 polygon_api | Compilation completed with return code: 1
[DEBUG] 2025-12-23 12:59:15,467 polygon_api | Compilation stderr: /tmp/tmpp2jk4j_7/custom_checker.cpp:1:10: fatal error: testlib.h: No such file or directory
    1 | #include "testlib.h"
      |          ^~~~~~~~~~~
compilation terminated.

[ERROR] 2025-12-23 12:59:15,467 polygon_api | Compilation failed with return code 1
[ERROR] 2025-12-23 12:59:15,468 polygon_api | stdout: 
[ERROR] 2025-12-23 12:59:15,468 polygon_api | stderr: /tmp/tmpp2jk4j_7/custom_checker.cpp:1:10: fatal error: testlib.h: No such file or directory
    1 | #include "testlib.h"
      |          ^~~~~~~~~~~
compilation terminated.

[WARNING] 2025-12-23 12:59:15,468 polygon_api | Failed to compile custom checker, uploading source code instead
[INFO] 2025-12-23 12:59:17,029 polygon_api | Uploaded custom checker source code to test_cases/1/custom_checker.cpp
[INFO] 2025-12-23 12:59:17,030 polygon_api | Completed custom checker processing for problem 497346
[INFO] 2025-12-23 12:59:17,031 polygon_api | Completed migrate_to_azure_blob for problem 497346
[INFO] 2025-12-23 12:59:17,031 views | Azure migration completed successfully
[INFO] 2025-12-23 12:59:17,031 polygon_api | Fetching problem info for 497346
[INFO] 2025-12-23 12:59:17,300 polygon_api | Polygon problem.info response: {'timeLimit': 1000, 'inputFile': 'stdin', 'outputFile': 'stdout', 'interactive': False, 'memoryLimit': 256}
[DEBUG] 2025-12-23 12:59:17,300 views | Polygon problem info: {'timeLimit': 1000, 'inputFile': 'stdin', 'outputFile': 'stdout', 'interactive': False, 'memoryLimit': 256}
[INFO] 2025-12-23 12:59:17,300 polygon_api | Downloading package for problem 497346
[INFO] 2025-12-23 12:59:17,300 polygon_api | Fetching problem info for 497346
[INFO] 2025-12-23 12:59:17,551 polygon_api | Polygon problem.info response: {'timeLimit': 1000, 'inputFile': 'stdin', 'outputFile': 'stdout', 'interactive': False, 'memoryLimit': 256}
[INFO] 2025-12-23 12:59:19,617 polygon_api | Successfully read problem.html content, length: 3972 characters
[DEBUG] 2025-12-23 12:59:19,620 polygon_api | Cleaned up temporary directory: /tmp/tmpmlxxz8dj
[DEBUG] 2025-12-23 12:59:19,620 views | Downloaded and extracted problem_html_content, length: 3972
[INFO] 2025-12-23 12:59:19,620 views | Entered parse_problem_html with content length=3972
[DEBUG] 2025-12-23 12:59:19,620 views | Extracted title=Multiply two nums, legend length=61, input_format length=548, output_format length=124
[INFO] 2025-12-23 12:59:19,620 views | Exiting parse_problem_html
[DEBUG] 2025-12-23 12:59:19,621 views | Parsed html_data: {'title': 'Multiply two nums', 'legend': '<p>Given two numbers multiply them and return the answer.</p>', 'input_format': '<p>The first line will contain the number of test cases <span class="tex-font-style-bf"><span class="tex-font-style-it">t</span></span>: 1 &lt;= t &lt;= 10. The next t lines will contain two integers <span class="tex-font-style-bf"><span class="tex-font-style-it">n</span></span> and <span class="tex-font-style-bf"><span class="tex-font-style-it">m</span></span>: 0 &lt;= <span class="tex-font-style-bf"><span class="tex-font-style-it">n</span></span>,<span class="tex-font-style-bf"><span class="tex-font-style-it">m</span></span> &lt;= 1000.</p>', 'output_format': '<p>Print t lines — one line for each test case. For each test case, print a single integer — product of the two numbers.</p>', 'notes': ''}
[INFO] 2025-12-23 12:59:19,621 polygon_api | Retrieved 13 test cases from Redis for polygon_id 497346
[INFO] 2025-12-23 12:59:19,622 views | Retrieved test cases from Redis for test case migration to DB (saved Polygon API call)
[DEBUG] 2025-12-23 12:59:19,879 views | checker_type=checker.cpp
[INFO] 2025-12-23 12:59:19,879 polygon_api | Fetching custom checker info for problem 497346
[DEBUG] 2025-12-23 12:59:20,118 polygon_api | Raw checker info: checker.cpp
[INFO] 2025-12-23 12:59:20,118 polygon_api | Custom checker detected: {'name': 'checker.cpp', 'type': 'custom'}
[INFO] 2025-12-23 12:59:20,118 polygon_api | Fetching test cases for 497346, testset
[DEBUG] 2025-12-23 12:59:20,381 views | test_case_count=13
[INFO] 2025-12-23 12:59:20,382 views | Exiting index view
[INFO] 2025-12-23 13:00:05,043 views | Entered index view with method=POST
[DEBUG] 2025-12-23 13:00:05,045 views | POST data: polygon_id=497346, migrate_to_azure=None, migrate_to_db=None, migrate_test_cases_to_db=1, difficulty=, selected_tags=[], new_tag=
[DEBUG] 2025-12-23 13:00:05,045 views | All POST data: {'csrfmiddlewaretoken': ['u59GneTY1i2oIZBh9uZSToFTl1skLSwHrbeb5H2v2FnImzMykTzc0Fs8tA3exeD0'], 'problem_id': ['497346'], 'migrate_test_cases_to_db': ['1']}
[INFO] 2025-12-23 13:00:05,045 views | Processing polygon_id=497346
[DEBUG] 2025-12-23 13:00:05,048 views | db_problem=Multiply two nums
[DEBUG] 2025-12-23 13:00:05,837 views | Updated working copy: None
[DEBUG] 2025-12-23 13:00:06,138 views | Fetched solutions: [{'name': 'solution.cpp', 'modificationTimeSeconds': 1766401304, 'length': 273, 'tag': 'MA', 'sourceType': 'cpp.g++14'}]
[INFO] 2025-12-23 13:00:06,454 polygon_api | Fetching problem info for 497346
[INFO] 2025-12-23 13:00:06,759 polygon_api | Polygon problem.info response: {'timeLimit': 1000, 'inputFile': 'stdin', 'outputFile': 'stdout', 'interactive': False, 'memoryLimit': 256}
[DEBUG] 2025-12-23 13:00:06,759 views | Polygon problem info: {'timeLimit': 1000, 'inputFile': 'stdin', 'outputFile': 'stdout', 'interactive': False, 'memoryLimit': 256}
[INFO] 2025-12-23 13:00:06,759 polygon_api | Downloading package for problem 497346
[INFO] 2025-12-23 13:00:06,759 polygon_api | Fetching problem info for 497346
[INFO] 2025-12-23 13:00:07,066 polygon_api | Polygon problem.info response: {'timeLimit': 1000, 'inputFile': 'stdin', 'outputFile': 'stdout', 'interactive': False, 'memoryLimit': 256}
[INFO] 2025-12-23 13:00:09,206 polygon_api | Successfully read problem.html content, length: 3972 characters
[DEBUG] 2025-12-23 13:00:09,208 polygon_api | Cleaned up temporary directory: /tmp/tmprn83plad
[DEBUG] 2025-12-23 13:00:09,209 views | Downloaded and extracted problem_html_content, length: 3972
[INFO] 2025-12-23 13:00:09,209 views | Entered parse_problem_html with content length=3972
[DEBUG] 2025-12-23 13:00:09,209 views | Extracted title=Multiply two nums, legend length=61, input_format length=548, output_format length=124
[INFO] 2025-12-23 13:00:09,209 views | Exiting parse_problem_html
[DEBUG] 2025-12-23 13:00:09,209 views | Parsed html_data: {'title': 'Multiply two nums', 'legend': '<p>Given two numbers multiply them and return the answer.</p>', 'input_format': '<p>The first line will contain the number of test cases <span class="tex-font-style-bf"><span class="tex-font-style-it">t</span></span>: 1 &lt;= t &lt;= 10. The next t lines will contain two integers <span class="tex-font-style-bf"><span class="tex-font-style-it">n</span></span> and <span class="tex-font-style-bf"><span class="tex-font-style-it">m</span></span>: 0 &lt;= <span class="tex-font-style-bf"><span class="tex-font-style-it">n</span></span>,<span class="tex-font-style-bf"><span class="tex-font-style-it">m</span></span> &lt;= 1000.</p>', 'output_format': '<p>Print t lines — one line for each test case. For each test case, print a single integer — product of the two numbers.</p>', 'notes': ''}
[INFO] 2025-12-23 13:00:09,210 polygon_api | Retrieved 13 test cases from Redis for polygon_id 497346
[INFO] 2025-12-23 13:00:09,210 views | Retrieved test cases from Redis for test case migration to DB (saved Polygon API call)
[DEBUG] 2025-12-23 13:00:09,476 views | checker_type=checker.cpp
[INFO] 2025-12-23 13:00:09,476 polygon_api | Fetching custom checker info for problem 497346
[DEBUG] 2025-12-23 13:00:09,727 polygon_api | Raw checker info: checker.cpp
[INFO] 2025-12-23 13:00:09,727 polygon_api | Custom checker detected: {'name': 'checker.cpp', 'type': 'custom'}
[INFO] 2025-12-23 13:00:09,728 polygon_api | Fetching test cases for 497346, testset
[DEBUG] 2025-12-23 13:00:10,002 views | test_case_count=13
[INFO] 2025-12-23 13:00:10,007 polygon_api | Retrieved 13 test cases from Redis for polygon_id 497346
[INFO] 2025-12-23 13:00:10,007 views | Retrieved test cases from Redis for test case migration to DB (saved Polygon API call)
[DEBUG] 2025-12-23 13:00:10,008 views | test_cases for DB migration.
[DEBUG] 2025-12-23 13:00:10,010 views | Test case idx=0, input_data=1
2 3, output_data=6, is_sample=True, description=
[DEBUG] 2025-12-23 13:00:10,010 views | Test case idx=0, truncated_input_length=6, truncated_output_length=1
[DEBUG] 2025-12-23 13:00:10,014 views | Test case idx=1, input_data=3
1 2
0 2
10 11, output_data=2
0
110, is_sample=True, description=
[DEBUG] 2025-12-23 13:00:10,014 views | Test case idx=1, truncated_input_length=18, truncated_output_length=9
[DEBUG] 2025-12-23 13:00:10,016 views | Test case idx=2, input_data=5
2 2
100 100
1000 1000
0 0
4 9, output_data=4
10000
1000000
0
36, is_sample=True, description=
[DEBUG] 2025-12-23 13:00:10,016 views | Test case idx=2, truncated_input_length=36, truncated_output_length=24
[DEBUG] 2025-12-23 13:00:10,017 views | Test case idx=3, input_data=10
0 0
1 1
2 3
5 7
10 0
0 999
123 456
999 ..., output_data=0
1
6
35
0
0
56088
999
250000
1000000, is_sample=False, description=
[DEBUG] 2025-12-23 13:00:10,017 views | Test case idx=3, truncated_input_length=71, truncated_output_length=46
[DEBUG] 2025-12-23 13:00:10,018 views | Test case idx=4, input_data=7
12 34
56 78
90 1
1 90
25 25
100 100
999 0, output_data=408
4368
90
90
625
10000
0, is_sample=False, description=
[DEBUG] 2025-12-23 13:00:10,018 views | Test case idx=4, truncated_input_length=50, truncated_output_length=32
[DEBUG] 2025-12-23 13:00:10,019 views | Test case idx=5, input_data=10
1 1000
2 999
3 998
4 997
5 996
6 995
7 9..., output_data=1000
1998
2994
3988
4980
5970
6958
7944
89..., is_sample=False, description=
[DEBUG] 2025-12-23 13:00:10,019 views | Test case idx=5, truncated_input_length=74, truncated_output_length=58
[DEBUG] 2025-12-23 13:00:10,020 views | Test case idx=6, input_data=8
5 0
0 5
15 15
20 3
7 14
9 8
11 11
12 12, output_data=0
0
225
60
98
72
121
144, is_sample=False, description=
[DEBUG] 2025-12-23 13:00:10,020 views | Test case idx=6, truncated_input_length=49, truncated_output_length=31
[DEBUG] 2025-12-23 13:00:10,021 views | Test case idx=7, input_data=2
999 999
1000 1, output_data=998001
1000, is_sample=False, description=
[DEBUG] 2025-12-23 13:00:10,021 views | Test case idx=7, truncated_input_length=18, truncated_output_length=12
[DEBUG] 2025-12-23 13:00:10,021 views | Test case idx=8, input_data=6
13 37
42 58
91 17
64 29
88 11
73 26, output_data=481
2436
1547
1856
968
1898, is_sample=False, description=
[DEBUG] 2025-12-23 13:00:10,021 views | Test case idx=8, truncated_input_length=43, truncated_output_length=32
[DEBUG] 2025-12-23 13:00:10,022 views | Test case idx=9, input_data=4
0 1000
1000 0
1000 1000
0 0, output_data=0
0
1000000
0, is_sample=False, description=
[DEBUG] 2025-12-23 13:00:10,022 views | Test case idx=9, truncated_input_length=33, truncated_output_length=16
[DEBUG] 2025-12-23 13:00:10,022 views | Test case idx=10, input_data=10
1 1
2 2
3 3
4 4
5 5
6 6
7 7
8 8
9 9
1..., output_data=1
4
9
16
25
36
49
64
81
100, is_sample=False, description=
[DEBUG] 2025-12-23 13:00:10,022 views | Test case idx=10, truncated_input_length=54, truncated_output_length=36
[DEBUG] 2025-12-23 13:00:10,023 views | Test case idx=11, input_data=5
0 10
10 0
7 8
9 9
2 100, output_data=0
0
56
81
200, is_sample=False, description=
[DEBUG] 2025-12-23 13:00:10,023 views | Test case idx=11, truncated_input_length=30, truncated_output_length=17
[DEBUG] 2025-12-23 13:00:10,023 views | Test case idx=12, input_data=3
1 2
3 4
5 6, output_data=2
12
30, is_sample=False, description=
[DEBUG] 2025-12-23 13:00:10,023 views | Test case idx=12, truncated_input_length=16, truncated_output_length=9
[INFO] 2025-12-23 13:00:10,024 views | Exiting index view
[INFO] 2025-12-23 13:18:22,448 views | Entered index view with method=POST
[DEBUG] 2025-12-23 13:18:22,450 views | POST data: polygon_id=497346, migrate_to_azure=None, migrate_to_db=None, migrate_test_cases_to_db=1, difficulty=, selected_tags=[], new_tag=
[DEBUG] 2025-12-23 13:18:22,451 views | All POST data: {'csrfmiddlewaretoken': ['u59GneTY1i2oIZBh9uZSToFTl1skLSwHrbeb5H2v2FnImzMykTzc0Fs8tA3exeD0'], 'problem_id': ['497346'], 'migrate_test_cases_to_db': ['1']}
[INFO] 2025-12-23 13:18:22,451 views | Processing polygon_id=497346
[DEBUG] 2025-12-23 13:18:22,453 views | db_problem=Multiply two nums
[DEBUG] 2025-12-23 13:18:23,263 views | Updated working copy: None
[DEBUG] 2025-12-23 13:18:23,564 views | Fetched solutions: [{'name': 'solution.cpp', 'modificationTimeSeconds': 1766401304, 'length': 273, 'tag': 'MA', 'sourceType': 'cpp.g++14'}]
[INFO] 2025-12-23 13:18:23,876 polygon_api | Fetching problem info for 497346
[INFO] 2025-12-23 13:18:24,212 polygon_api | Polygon problem.info response: {'timeLimit': 1000, 'inputFile': 'stdin', 'outputFile': 'stdout', 'interactive': False, 'memoryLimit': 256}
[DEBUG] 2025-12-23 13:18:24,213 views | Polygon problem info: {'timeLimit': 1000, 'inputFile': 'stdin', 'outputFile': 'stdout', 'interactive': False, 'memoryLimit': 256}
[INFO] 2025-12-23 13:18:24,213 polygon_api | Downloading package for problem 497346
[INFO] 2025-12-23 13:18:24,213 polygon_api | Fetching problem info for 497346
[INFO] 2025-12-23 13:18:24,827 polygon_api | Polygon problem.info response: {'timeLimit': 1000, 'inputFile': 'stdin', 'outputFile': 'stdout', 'interactive': False, 'memoryLimit': 256}
[INFO] 2025-12-23 13:18:27,880 polygon_api | Successfully read problem.html content, length: 3972 characters
[DEBUG] 2025-12-23 13:18:27,882 polygon_api | Cleaned up temporary directory: /tmp/tmp8tey5z76
[DEBUG] 2025-12-23 13:18:27,882 views | Downloaded and extracted problem_html_content, length: 3972
[INFO] 2025-12-23 13:18:27,882 views | Entered parse_problem_html with content length=3972
[DEBUG] 2025-12-23 13:18:27,883 views | Extracted title=Multiply two nums, legend length=61, input_format length=548, output_format length=124
[INFO] 2025-12-23 13:18:27,883 views | Exiting parse_problem_html
[DEBUG] 2025-12-23 13:18:27,883 views | Parsed html_data: {'title': 'Multiply two nums', 'legend': '<p>Given two numbers multiply them and return the answer.</p>', 'input_format': '<p>The first line will contain the number of test cases <span class="tex-font-style-bf"><span class="tex-font-style-it">t</span></span>: 1 &lt;= t &lt;= 10. The next t lines will contain two integers <span class="tex-font-style-bf"><span class="tex-font-style-it">n</span></span> and <span class="tex-font-style-bf"><span class="tex-font-style-it">m</span></span>: 0 &lt;= <span class="tex-font-style-bf"><span class="tex-font-style-it">n</span></span>,<span class="tex-font-style-bf"><span class="tex-font-style-it">m</span></span> &lt;= 1000.</p>', 'output_format': '<p>Print t lines — one line for each test case. For each test case, print a single integer — product of the two numbers.</p>', 'notes': ''}
[INFO] 2025-12-23 13:18:27,884 polygon_api | Retrieved 13 test cases from Redis for polygon_id 497346
[INFO] 2025-12-23 13:18:27,884 views | Retrieved test cases from Redis for test case migration to DB (saved Polygon API call)
[DEBUG] 2025-12-23 13:18:28,203 views | checker_type=checker.cpp
[INFO] 2025-12-23 13:18:28,203 polygon_api | Fetching custom checker info for problem 497346
[DEBUG] 2025-12-23 13:18:28,517 polygon_api | Raw checker info: checker.cpp
[INFO] 2025-12-23 13:18:28,517 polygon_api | Custom checker detected: {'name': 'checker.cpp', 'type': 'custom'}
[INFO] 2025-12-23 13:18:28,517 polygon_api | Fetching test cases for 497346, testset
[DEBUG] 2025-12-23 13:18:28,832 views | test_case_count=13
[INFO] 2025-12-23 13:18:28,837 polygon_api | Retrieved 13 test cases from Redis for polygon_id 497346
[INFO] 2025-12-23 13:18:28,837 views | Retrieved test cases from Redis for test case migration to DB (saved Polygon API call)
[DEBUG] 2025-12-23 13:18:28,837 views | test_cases for DB migration.
[DEBUG] 2025-12-23 13:18:28,839 views | Test case idx=0, input_data=1
2 3, output_data=6, is_sample=True, description=
[DEBUG] 2025-12-23 13:18:28,839 views | Test case idx=0, truncated_input_length=6, truncated_output_length=1
[DEBUG] 2025-12-23 13:18:28,840 views | Test case idx=1, input_data=3
1 2
0 2
10 11, output_data=2
0
110, is_sample=True, description=
[DEBUG] 2025-12-23 13:18:28,840 views | Test case idx=1, truncated_input_length=18, truncated_output_length=9
[DEBUG] 2025-12-23 13:18:28,841 views | Test case idx=2, input_data=5
2 2
100 100
1000 1000
0 0
4 9, output_data=4
10000
1000000
0
36, is_sample=True, description=
[DEBUG] 2025-12-23 13:18:28,841 views | Test case idx=2, truncated_input_length=36, truncated_output_length=24
[DEBUG] 2025-12-23 13:18:28,842 views | Test case idx=3, input_data=10
0 0
1 1
2 3
5 7
10 0
0 999
123 456
999 ..., output_data=0
1
6
35
0
0
56088
999
250000
1000000, is_sample=False, description=
[DEBUG] 2025-12-23 13:18:28,842 views | Test case idx=3, truncated_input_length=71, truncated_output_length=46
[DEBUG] 2025-12-23 13:18:28,843 views | Test case idx=4, input_data=7
12 34
56 78
90 1
1 90
25 25
100 100
999 0, output_data=408
4368
90
90
625
10000
0, is_sample=False, description=
[DEBUG] 2025-12-23 13:18:28,843 views | Test case idx=4, truncated_input_length=50, truncated_output_length=32
[DEBUG] 2025-12-23 13:18:28,844 views | Test case idx=5, input_data=10
1 1000
2 999
3 998
4 997
5 996
6 995
7 9..., output_data=1000
1998
2994
3988
4980
5970
6958
7944
89..., is_sample=False, description=
[DEBUG] 2025-12-23 13:18:28,844 views | Test case idx=5, truncated_input_length=74, truncated_output_length=58
[DEBUG] 2025-12-23 13:18:28,845 views | Test case idx=6, input_data=8
5 0
0 5
15 15
20 3
7 14
9 8
11 11
12 12, output_data=0
0
225
60
98
72
121
144, is_sample=False, description=
[DEBUG] 2025-12-23 13:18:28,845 views | Test case idx=6, truncated_input_length=49, truncated_output_length=31
[DEBUG] 2025-12-23 13:18:28,846 views | Test case idx=7, input_data=2
999 999
1000 1, output_data=998001
1000, is_sample=False, description=
[DEBUG] 2025-12-23 13:18:28,846 views | Test case idx=7, truncated_input_length=18, truncated_output_length=12
[DEBUG] 2025-12-23 13:18:28,848 views | Test case idx=8, input_data=6
13 37
42 58
91 17
64 29
88 11
73 26, output_data=481
2436
1547
1856
968
1898, is_sample=False, description=
[DEBUG] 2025-12-23 13:18:28,848 views | Test case idx=8, truncated_input_length=43, truncated_output_length=32
[DEBUG] 2025-12-23 13:18:28,849 views | Test case idx=9, input_data=4
0 1000
1000 0
1000 1000
0 0, output_data=0
0
1000000
0, is_sample=False, description=
[DEBUG] 2025-12-23 13:18:28,849 views | Test case idx=9, truncated_input_length=33, truncated_output_length=16
[DEBUG] 2025-12-23 13:18:28,850 views | Test case idx=10, input_data=10
1 1
2 2
3 3
4 4
5 5
6 6
7 7
8 8
9 9
1..., output_data=1
4
9
16
25
36
49
64
81
100, is_sample=False, description=
[DEBUG] 2025-12-23 13:18:28,850 views | Test case idx=10, truncated_input_length=54, truncated_output_length=36
[DEBUG] 2025-12-23 13:18:28,851 views | Test case idx=11, input_data=5
0 10
10 0
7 8
9 9
2 100, output_data=0
0
56
81
200, is_sample=False, description=
[DEBUG] 2025-12-23 13:18:28,851 views | Test case idx=11, truncated_input_length=30, truncated_output_length=17
[DEBUG] 2025-12-23 13:18:28,851 views | Test case idx=12, input_data=3
1 2
3 4
5 6, output_data=2
12
30, is_sample=False, description=
[DEBUG] 2025-12-23 13:18:28,852 views | Test case idx=12, truncated_input_length=16, truncated_output_length=9
[INFO] 2025-12-23 13:18:28,854 views | Exiting index view
[INFO] 2025-12-23 13:18:41,403 views | Entered index view with method=POST
[DEBUG] 2025-12-23 13:18:41,405 views | POST data: polygon_id=497346, migrate_to_azure=1, migrate_to_db=None, migrate_test_cases_to_db=None, difficulty=, selected_tags=[], new_tag=
[DEBUG] 2025-12-23 13:18:41,405 views | All POST data: {'csrfmiddlewaretoken': ['jDlb5nFTXgQE0pJzbcsBUX73J1vBlQEhgJqGNQOqYDbYEZUQmB2V1eUiRA6v7cLA'], 'problem_id': ['497346'], 'migrate_to_azure': ['1']}
[INFO] 2025-12-23 13:18:41,405 views | Processing polygon_id=497346
[DEBUG] 2025-12-23 13:18:41,408 views | db_problem=Multiply two nums
[DEBUG] 2025-12-23 13:18:42,133 views | Updated working copy: None
[DEBUG] 2025-12-23 13:18:42,747 views | Fetched solutions: [{'name': 'solution.cpp', 'modificationTimeSeconds': 1766401304, 'length': 273, 'tag': 'MA', 'sourceType': 'cpp.g++14'}]
[INFO] 2025-12-23 13:18:43,464 views | Azure migration triggered for polygon_id=497346
[INFO] 2025-12-23 13:18:43,466 views | Problem found in DB, proceeding with Azure migration
[INFO] 2025-12-23 13:18:43,466 views | Azure migration params: problem_id=1, container=polygon-migration
[INFO] 2025-12-23 13:18:43,466 polygon_api | pattern oj_dev_with_redis_storage_test_cases_1*
[INFO] 2025-12-23 13:18:43,468 polygon_api | Fetching custom checker info for problem 497346
[DEBUG] 2025-12-23 13:18:44,573 polygon_api | Raw checker info: checker.cpp
[INFO] 2025-12-23 13:18:44,573 polygon_api | Custom checker detected: {'name': 'checker.cpp', 'type': 'custom'}
[INFO] 2025-12-23 13:18:44,573 views | Custom checker detected before Azure migration: {'name': 'checker.cpp', 'type': 'custom'}
[INFO] 2025-12-23 13:18:44,573 views | Calling migrate_to_azure_blob
[INFO] 2025-12-23 13:18:44,689 polygon_api | Starting migrate_to_azure_blob for problem 497346
[INFO] 2025-12-23 13:18:44,690 polygon_api | Retrieved 13 test cases from Redis for polygon_id 497346
[INFO] 2025-12-23 13:18:44,690 polygon_api | Retrieved test cases from Redis for Azure migration (saved Polygon API call)
[INFO] 2025-12-23 13:18:44,690 polygon_api | Retrieved 13 test cases for Azure migration
[INFO] 2025-12-23 13:18:44,690 AzureTestcase | Attempting to authenticate...
[INFO] 2025-12-23 13:18:44,690 AzureTestcase | Authentication successful. BlobServiceClient created.
[INFO] 2025-12-23 13:18:44,690 polygon_api | Using problem_id_for_naming: 1
[INFO] 2025-12-23 13:18:44,691 polygon_api | Deleting existing test cases from Azure
[INFO] 2025-12-23 13:18:48,900 AzureTestcase | Deleting blob: test_cases/1/01
[INFO] 2025-12-23 13:18:49,300 AzureTestcase | Deleting blob: test_cases/1/01.a
[INFO] 2025-12-23 13:18:49,709 AzureTestcase | Deleting blob: test_cases/1/02
[INFO] 2025-12-23 13:18:50,119 AzureTestcase | Deleting blob: test_cases/1/02.a
[INFO] 2025-12-23 13:18:50,436 AzureTestcase | Deleting blob: test_cases/1/03
[INFO] 2025-12-23 13:18:50,836 AzureTestcase | Deleting blob: test_cases/1/03.a
[INFO] 2025-12-23 13:18:51,246 AzureTestcase | Deleting blob: test_cases/1/04
[INFO] 2025-12-23 13:18:51,628 AzureTestcase | Deleting blob: test_cases/1/04.a
[INFO] 2025-12-23 13:18:51,928 AzureTestcase | Deleting blob: test_cases/1/05
[INFO] 2025-12-23 13:18:52,272 AzureTestcase | Deleting blob: test_cases/1/05.a
[INFO] 2025-12-23 13:18:52,577 AzureTestcase | Deleting blob: test_cases/1/06
[INFO] 2025-12-23 13:18:52,987 AzureTestcase | Deleting blob: test_cases/1/06.a
[INFO] 2025-12-23 13:18:53,274 AzureTestcase | Deleting blob: test_cases/1/07
[INFO] 2025-12-23 13:18:53,514 AzureTestcase | Deleting blob: test_cases/1/07.a
[INFO] 2025-12-23 13:18:53,878 AzureTestcase | Deleting blob: test_cases/1/08
[INFO] 2025-12-23 13:18:54,190 AzureTestcase | Deleting blob: test_cases/1/08.a
[INFO] 2025-12-23 13:18:54,522 AzureTestcase | Deleting blob: test_cases/1/09
[INFO] 2025-12-23 13:18:54,933 AzureTestcase | Deleting blob: test_cases/1/09.a
[INFO] 2025-12-23 13:18:55,341 AzureTestcase | Deleting blob: test_cases/1/10
[INFO] 2025-12-23 13:18:55,618 AzureTestcase | Deleting blob: test_cases/1/10.a
[INFO] 2025-12-23 13:18:55,960 AzureTestcase | Deleting blob: test_cases/1/11
[INFO] 2025-12-23 13:18:56,235 AzureTestcase | Deleting blob: test_cases/1/11.a
[INFO] 2025-12-23 13:18:56,570 AzureTestcase | Deleting blob: test_cases/1/12
[INFO] 2025-12-23 13:18:56,953 AzureTestcase | Deleting blob: test_cases/1/12.a
[INFO] 2025-12-23 13:18:57,288 AzureTestcase | Deleting blob: test_cases/1/13
[INFO] 2025-12-23 13:18:57,800 AzureTestcase | Deleting blob: test_cases/1/13.a
[INFO] 2025-12-23 13:18:58,084 AzureTestcase | Deleting blob: test_cases/1/custom_checker.cpp
[INFO] 2025-12-23 13:18:58,414 AzureTestcase | Deleted 27 blobs for problem 1 in container polygon-migration.
[INFO] 2025-12-23 13:18:58,824 AzureTestcase | Uploaded input for test #1 to test_cases/1/01
[INFO] 2025-12-23 13:18:59,233 AzureTestcase | Uploaded output for test #1 to test_cases/1/01.a
[INFO] 2025-12-23 13:18:59,612 AzureTestcase | Uploaded input for test #2 to test_cases/1/02
[INFO] 2025-12-23 13:18:59,925 AzureTestcase | Uploaded output for test #2 to test_cases/1/02.a
[INFO] 2025-12-23 13:19:00,329 AzureTestcase | Uploaded input for test #3 to test_cases/1/03
[INFO] 2025-12-23 13:19:00,666 AzureTestcase | Uploaded output for test #3 to test_cases/1/03.a
[INFO] 2025-12-23 13:19:00,974 AzureTestcase | Uploaded input for test #4 to test_cases/1/04
[INFO] 2025-12-23 13:19:01,973 AzureTestcase | Uploaded output for test #4 to test_cases/1/04.a
[INFO] 2025-12-23 13:19:02,305 AzureTestcase | Uploaded input for test #5 to test_cases/1/05
[INFO] 2025-12-23 13:19:02,622 AzureTestcase | Uploaded output for test #5 to test_cases/1/05.a
[INFO] 2025-12-23 13:19:03,022 AzureTestcase | Uploaded input for test #6 to test_cases/1/06
[INFO] 2025-12-23 13:19:03,431 AzureTestcase | Uploaded output for test #6 to test_cases/1/06.a
[INFO] 2025-12-23 13:19:03,841 AzureTestcase | Uploaded input for test #7 to test_cases/1/07
[INFO] 2025-12-23 13:19:04,251 AzureTestcase | Uploaded output for test #7 to test_cases/1/07.a
[INFO] 2025-12-23 13:19:04,560 AzureTestcase | Uploaded input for test #8 to test_cases/1/08
[INFO] 2025-12-23 13:19:04,854 AzureTestcase | Uploaded output for test #8 to test_cases/1/08.a
[INFO] 2025-12-23 13:19:05,172 AzureTestcase | Uploaded input for test #9 to test_cases/1/09
[INFO] 2025-12-23 13:19:05,556 AzureTestcase | Uploaded output for test #9 to test_cases/1/09.a
[INFO] 2025-12-23 13:19:05,889 AzureTestcase | Uploaded input for test #10 to test_cases/1/10
[INFO] 2025-12-23 13:19:06,299 AzureTestcase | Uploaded output for test #10 to test_cases/1/10.a
[INFO] 2025-12-23 13:19:06,708 AzureTestcase | Uploaded input for test #11 to test_cases/1/11
[INFO] 2025-12-23 13:19:07,118 AzureTestcase | Uploaded output for test #11 to test_cases/1/11.a
[INFO] 2025-12-23 13:19:07,527 AzureTestcase | Uploaded input for test #12 to test_cases/1/12
[INFO] 2025-12-23 13:19:07,912 AzureTestcase | Uploaded output for test #12 to test_cases/1/12.a
[INFO] 2025-12-23 13:19:08,244 AzureTestcase | Uploaded input for test #13 to test_cases/1/13
[INFO] 2025-12-23 13:19:08,654 AzureTestcase | Uploaded output for test #13 to test_cases/1/13.a
[INFO] 2025-12-23 13:19:08,654 polygon_api | Uploaded 13 test cases to Azure
[INFO] 2025-12-23 13:19:08,654 polygon_api | Starting custom checker processing for problem 497346
[INFO] 2025-12-23 13:19:08,654 polygon_api | Processing custom checker for problem 497346
[INFO] 2025-12-23 13:19:08,654 polygon_api | Fetching custom checker info for problem 497346
[DEBUG] 2025-12-23 13:19:09,166 polygon_api | Raw checker info: checker.cpp
[INFO] 2025-12-23 13:19:09,167 polygon_api | Custom checker detected: {'name': 'checker.cpp', 'type': 'custom'}
[INFO] 2025-12-23 13:19:09,167 polygon_api | Custom checker info retrieved: {'name': 'checker.cpp', 'type': 'custom'}
[INFO] 2025-12-23 13:19:09,167 polygon_api | Fetching custom checker file checker.cpp via API for problem 497346
[INFO] 2025-12-23 13:19:09,883 polygon_api | Successfully fetched custom checker file via API, content length: 632
[INFO] 2025-12-23 13:19:09,883 polygon_api | Custom checker source code fetched successfully, length: 632
[INFO] 2025-12-23 13:19:09,883 polygon_api | Initializing Azure Blob Manager for custom checker upload
[INFO] 2025-12-23 13:19:09,883 AzureTestcase | Attempting to authenticate...
[INFO] 2025-12-23 13:19:09,884 AzureTestcase | Authentication successful. BlobServiceClient created.
[INFO] 2025-12-23 13:19:09,884 polygon_api | Created temporary directory for compilation: /tmp/tmpju241fbd
[INFO] 2025-12-23 13:19:09,884 polygon_api | Compiling custom checker in /tmp/tmpju241fbd
[INFO] 2025-12-23 13:19:09,884 polygon_api | Found g++ at: /usr/bin/g++
[INFO] 2025-12-23 13:19:09,884 polygon_api | Source code written to: /tmp/tmpju241fbd/custom_checker.cpp
[INFO] 2025-12-23 13:19:09,884 polygon_api | Running compilation command: g++ -std=gnu++17 -O2 -o /tmp/tmpju241fbd/custom_checker /tmp/tmpju241fbd/custom_checker.cpp
[INFO] 2025-12-23 13:19:09,900 polygon_api | Compilation completed with return code: 1
[DEBUG] 2025-12-23 13:19:09,900 polygon_api | Compilation stderr: /tmp/tmpju241fbd/custom_checker.cpp:1:10: fatal error: testlib.h: No such file or directory
    1 | #include "testlib.h"
      |          ^~~~~~~~~~~
compilation terminated.

[ERROR] 2025-12-23 13:19:09,900 polygon_api | Compilation failed with return code 1
[ERROR] 2025-12-23 13:19:09,900 polygon_api | stdout: 
[ERROR] 2025-12-23 13:19:09,900 polygon_api | stderr: /tmp/tmpju241fbd/custom_checker.cpp:1:10: fatal error: testlib.h: No such file or directory
    1 | #include "testlib.h"
      |          ^~~~~~~~~~~
compilation terminated.

[WARNING] 2025-12-23 13:19:09,900 polygon_api | Failed to compile custom checker, uploading source code instead
[INFO] 2025-12-23 13:19:11,828 polygon_api | Uploaded custom checker source code to test_cases/1/custom_checker.cpp
[INFO] 2025-12-23 13:19:11,829 polygon_api | Completed custom checker processing for problem 497346
[INFO] 2025-12-23 13:19:11,829 polygon_api | Completed migrate_to_azure_blob for problem 497346
[INFO] 2025-12-23 13:19:11,830 views | Azure migration completed successfully
[INFO] 2025-12-23 13:19:11,830 polygon_api | Fetching problem info for 497346
[INFO] 2025-12-23 13:19:12,551 polygon_api | Polygon problem.info response: {'timeLimit': 1000, 'inputFile': 'stdin', 'outputFile': 'stdout', 'interactive': False, 'memoryLimit': 256}
[DEBUG] 2025-12-23 13:19:12,551 views | Polygon problem info: {'timeLimit': 1000, 'inputFile': 'stdin', 'outputFile': 'stdout', 'interactive': False, 'memoryLimit': 256}
[INFO] 2025-12-23 13:19:12,551 polygon_api | Downloading package for problem 497346
[INFO] 2025-12-23 13:19:12,551 polygon_api | Fetching problem info for 497346
[INFO] 2025-12-23 13:19:13,262 polygon_api | Polygon problem.info response: {'timeLimit': 1000, 'inputFile': 'stdin', 'outputFile': 'stdout', 'interactive': False, 'memoryLimit': 256}
[INFO] 2025-12-23 13:19:16,599 polygon_api | Successfully read problem.html content, length: 3972 characters
[DEBUG] 2025-12-23 13:19:16,601 polygon_api | Cleaned up temporary directory: /tmp/tmpiu6nnkm6
[DEBUG] 2025-12-23 13:19:16,602 views | Downloaded and extracted problem_html_content, length: 3972
[INFO] 2025-12-23 13:19:16,602 views | Entered parse_problem_html with content length=3972
[DEBUG] 2025-12-23 13:19:16,602 views | Extracted title=Multiply two nums, legend length=61, input_format length=548, output_format length=124
[INFO] 2025-12-23 13:19:16,603 views | Exiting parse_problem_html
[DEBUG] 2025-12-23 13:19:16,603 views | Parsed html_data: {'title': 'Multiply two nums', 'legend': '<p>Given two numbers multiply them and return the answer.</p>', 'input_format': '<p>The first line will contain the number of test cases <span class="tex-font-style-bf"><span class="tex-font-style-it">t</span></span>: 1 &lt;= t &lt;= 10. The next t lines will contain two integers <span class="tex-font-style-bf"><span class="tex-font-style-it">n</span></span> and <span class="tex-font-style-bf"><span class="tex-font-style-it">m</span></span>: 0 &lt;= <span class="tex-font-style-bf"><span class="tex-font-style-it">n</span></span>,<span class="tex-font-style-bf"><span class="tex-font-style-it">m</span></span> &lt;= 1000.</p>', 'output_format': '<p>Print t lines — one line for each test case. For each test case, print a single integer — product of the two numbers.</p>', 'notes': ''}
[INFO] 2025-12-23 13:19:16,604 polygon_api | Retrieved 13 test cases from Redis for polygon_id 497346
[INFO] 2025-12-23 13:19:16,604 views | Retrieved test cases from Redis for test case migration to DB (saved Polygon API call)
[DEBUG] 2025-12-23 13:19:16,904 views | checker_type=checker.cpp
[INFO] 2025-12-23 13:19:16,904 polygon_api | Fetching custom checker info for problem 497346
[DEBUG] 2025-12-23 13:19:17,193 polygon_api | Raw checker info: checker.cpp
[INFO] 2025-12-23 13:19:17,193 polygon_api | Custom checker detected: {'name': 'checker.cpp', 'type': 'custom'}
[INFO] 2025-12-23 13:19:17,193 polygon_api | Fetching test cases for 497346, testset
[DEBUG] 2025-12-23 13:19:17,493 views | test_case_count=13
[INFO] 2025-12-23 13:19:17,494 views | Exiting index view
[INFO] 2025-12-23 13:24:53,265 views | Entered index view with method=POST
[DEBUG] 2025-12-23 13:24:53,266 views | POST data: polygon_id=497346, migrate_to_azure=1, migrate_to_db=None, migrate_test_cases_to_db=None, difficulty=, selected_tags=[], new_tag=
[DEBUG] 2025-12-23 13:24:53,266 views | All POST data: {'csrfmiddlewaretoken': ['jDlb5nFTXgQE0pJzbcsBUX73J1vBlQEhgJqGNQOqYDbYEZUQmB2V1eUiRA6v7cLA'], 'problem_id': ['497346'], 'migrate_to_azure': ['1']}
[INFO] 2025-12-23 13:24:53,266 views | Processing polygon_id=497346
[DEBUG] 2025-12-23 13:24:53,268 views | db_problem=Multiply two nums
[DEBUG] 2025-12-23 13:24:54,036 views | Updated working copy: None
[DEBUG] 2025-12-23 13:24:54,969 views | Fetched solutions: [{'name': 'solution.cpp', 'modificationTimeSeconds': 1766401304, 'length': 273, 'tag': 'MA', 'sourceType': 'cpp.g++14'}]
[INFO] 2025-12-23 13:24:56,053 views | Azure migration triggered for polygon_id=497346
[INFO] 2025-12-23 13:24:56,054 views | Problem found in DB, proceeding with Azure migration
[INFO] 2025-12-23 13:24:56,055 views | Azure migration params: problem_id=1, container=polygon-migration
[INFO] 2025-12-23 13:24:56,055 polygon_api | pattern oj_dev_with_redis_storage_test_cases_1*
[INFO] 2025-12-23 13:24:56,056 polygon_api | Fetching custom checker info for problem 497346
[DEBUG] 2025-12-23 13:24:56,696 polygon_api | Raw checker info: checker.cpp
[INFO] 2025-12-23 13:24:56,697 polygon_api | Custom checker detected: {'name': 'checker.cpp', 'type': 'custom'}
[INFO] 2025-12-23 13:24:56,697 views | Custom checker detected before Azure migration: {'name': 'checker.cpp', 'type': 'custom'}
[INFO] 2025-12-23 13:24:56,697 views | Calling migrate_to_azure_blob
[INFO] 2025-12-23 13:24:56,781 polygon_api | Starting migrate_to_azure_blob for problem 497346
[INFO] 2025-12-23 13:24:56,781 polygon_api | No test cases found in Redis for polygon_id 497346
[WARNING] 2025-12-23 13:24:56,782 polygon_api | Test cases not found in Redis, fetching from Polygon
[INFO] 2025-12-23 13:24:56,782 polygon_api | Fetching all test cases for 497346, testset
[INFO] 2025-12-23 13:24:57,211 polygon_api | Found 13 test cases to process
[INFO] 2025-12-23 13:24:57,211 polygon_api | Processing test case 1/13 (index: 1)
[DEBUG] 2025-12-23 13:24:57,212 polygon_api | Fetching input for test case 1
[DEBUG] 2025-12-23 13:24:57,620 polygon_api | Fetching output for test case 1
[INFO] 2025-12-23 13:24:58,131 polygon_api | Successfully fetched test case 1 - Input length: 8, Output length: 3
[INFO] 2025-12-23 13:24:58,131 polygon_api | Processing test case 2/13 (index: 2)
[DEBUG] 2025-12-23 13:24:58,131 polygon_api | Fetching input for test case 2
[DEBUG] 2025-12-23 13:24:58,747 polygon_api | Fetching output for test case 2
[INFO] 2025-12-23 13:24:59,155 polygon_api | Successfully fetched test case 2 - Input length: 20, Output length: 11
[INFO] 2025-12-23 13:24:59,155 polygon_api | Processing test case 3/13 (index: 3)
[DEBUG] 2025-12-23 13:24:59,155 polygon_api | Fetching input for test case 3
[DEBUG] 2025-12-23 13:24:59,740 polygon_api | Fetching output for test case 3
[INFO] 2025-12-23 13:25:00,180 polygon_api | Successfully fetched test case 3 - Input length: 38, Output length: 26
[INFO] 2025-12-23 13:25:00,181 polygon_api | Processing test case 4/13 (index: 4)
[DEBUG] 2025-12-23 13:25:00,181 polygon_api | Fetching input for test case 4
[DEBUG] 2025-12-23 13:25:00,692 polygon_api | Fetching output for test case 4
[INFO] 2025-12-23 13:25:01,305 polygon_api | Successfully fetched test case 4 - Input length: 73, Output length: 48
[INFO] 2025-12-23 13:25:01,305 polygon_api | Processing test case 5/13 (index: 5)
[DEBUG] 2025-12-23 13:25:01,305 polygon_api | Fetching input for test case 5
[DEBUG] 2025-12-23 13:25:01,707 polygon_api | Fetching output for test case 5
[INFO] 2025-12-23 13:25:02,094 polygon_api | Successfully fetched test case 5 - Input length: 52, Output length: 34
[INFO] 2025-12-23 13:25:02,095 polygon_api | Processing test case 6/13 (index: 6)
[DEBUG] 2025-12-23 13:25:02,095 polygon_api | Fetching input for test case 6
[DEBUG] 2025-12-23 13:25:02,404 polygon_api | Fetching output for test case 6
[INFO] 2025-12-23 13:25:02,711 polygon_api | Successfully fetched test case 6 - Input length: 76, Output length: 60
[INFO] 2025-12-23 13:25:02,712 polygon_api | Processing test case 7/13 (index: 7)
[DEBUG] 2025-12-23 13:25:02,712 polygon_api | Fetching input for test case 7
[DEBUG] 2025-12-23 13:25:03,019 polygon_api | Fetching output for test case 7
[INFO] 2025-12-23 13:25:03,355 polygon_api | Successfully fetched test case 7 - Input length: 51, Output length: 33
[INFO] 2025-12-23 13:25:03,355 polygon_api | Processing test case 8/13 (index: 8)
[DEBUG] 2025-12-23 13:25:03,355 polygon_api | Fetching input for test case 8
[DEBUG] 2025-12-23 13:25:04,039 polygon_api | Fetching output for test case 8
[INFO] 2025-12-23 13:25:04,448 polygon_api | Successfully fetched test case 8 - Input length: 20, Output length: 14
[INFO] 2025-12-23 13:25:04,448 polygon_api | Processing test case 9/13 (index: 9)
[DEBUG] 2025-12-23 13:25:04,449 polygon_api | Fetching input for test case 9
[DEBUG] 2025-12-23 13:25:04,858 polygon_api | Fetching output for test case 9
[INFO] 2025-12-23 13:25:05,267 polygon_api | Successfully fetched test case 9 - Input length: 45, Output length: 34
[INFO] 2025-12-23 13:25:05,268 polygon_api | Processing test case 10/13 (index: 10)
[DEBUG] 2025-12-23 13:25:05,268 polygon_api | Fetching input for test case 10
[DEBUG] 2025-12-23 13:25:05,587 polygon_api | Fetching output for test case 10
[INFO] 2025-12-23 13:25:05,919 polygon_api | Successfully fetched test case 10 - Input length: 35, Output length: 18
[INFO] 2025-12-23 13:25:05,919 polygon_api | Processing test case 11/13 (index: 11)
[DEBUG] 2025-12-23 13:25:05,919 polygon_api | Fetching input for test case 11
[DEBUG] 2025-12-23 13:25:06,324 polygon_api | Fetching output for test case 11
[INFO] 2025-12-23 13:25:07,144 polygon_api | Successfully fetched test case 11 - Input length: 56, Output length: 38
[INFO] 2025-12-23 13:25:07,144 polygon_api | Processing test case 12/13 (index: 12)
[DEBUG] 2025-12-23 13:25:07,144 polygon_api | Fetching input for test case 12
[DEBUG] 2025-12-23 13:25:07,553 polygon_api | Fetching output for test case 12
[INFO] 2025-12-23 13:25:08,168 polygon_api | Successfully fetched test case 12 - Input length: 32, Output length: 19
[INFO] 2025-12-23 13:25:08,168 polygon_api | Processing test case 13/13 (index: 13)
[DEBUG] 2025-12-23 13:25:08,168 polygon_api | Fetching input for test case 13
[DEBUG] 2025-12-23 13:25:08,577 polygon_api | Fetching output for test case 13
[INFO] 2025-12-23 13:25:09,192 polygon_api | Successfully fetched test case 13 - Input length: 18, Output length: 11
[INFO] 2025-12-23 13:25:09,192 polygon_api | Completed fetching all 13 test cases for problem 497346
[DEBUG] 2025-12-23 13:25:09,192 polygon_api | connecting to redis at address 127.0.0.1:6379 with password: 
[INFO] 2025-12-23 13:25:09,194 polygon_api | Stored 13 test cases in Redis for polygon_id 497346
[INFO] 2025-12-23 13:25:09,195 polygon_api | Retrieved 13 test cases for Azure migration
[INFO] 2025-12-23 13:25:09,195 AzureTestcase | Attempting to authenticate...
[INFO] 2025-12-23 13:25:09,195 AzureTestcase | Authentication successful. BlobServiceClient created.
[INFO] 2025-12-23 13:25:09,196 polygon_api | Using problem_id_for_naming: 1
[INFO] 2025-12-23 13:25:09,196 polygon_api | Deleting existing test cases from Azure
[INFO] 2025-12-23 13:25:12,376 AzureTestcase | Deleting blob: test_cases/1/01
[INFO] 2025-12-23 13:25:13,082 AzureTestcase | Deleting blob: test_cases/1/01.a
[INFO] 2025-12-23 13:25:13,365 AzureTestcase | Deleting blob: test_cases/1/02
[INFO] 2025-12-23 13:25:13,694 AzureTestcase | Deleting blob: test_cases/1/02.a
[INFO] 2025-12-23 13:25:14,112 AzureTestcase | Deleting blob: test_cases/1/03
[INFO] 2025-12-23 13:25:14,516 AzureTestcase | Deleting blob: test_cases/1/03.a
[INFO] 2025-12-23 13:25:14,923 AzureTestcase | Deleting blob: test_cases/1/04
[INFO] 2025-12-23 13:25:15,336 AzureTestcase | Deleting blob: test_cases/1/04.a
[INFO] 2025-12-23 13:25:15,745 AzureTestcase | Deleting blob: test_cases/1/05
[INFO] 2025-12-23 13:25:16,153 AzureTestcase | Deleting blob: test_cases/1/05.a
[INFO] 2025-12-23 13:25:16,563 AzureTestcase | Deleting blob: test_cases/1/06
[INFO] 2025-12-23 13:25:16,974 AzureTestcase | Deleting blob: test_cases/1/06.a
[INFO] 2025-12-23 13:25:17,384 AzureTestcase | Deleting blob: test_cases/1/07
[INFO] 2025-12-23 13:25:17,792 AzureTestcase | Deleting blob: test_cases/1/07.a
[INFO] 2025-12-23 13:25:18,170 AzureTestcase | Deleting blob: test_cases/1/08
[INFO] 2025-12-23 13:25:18,510 AzureTestcase | Deleting blob: test_cases/1/08.a
[INFO] 2025-12-23 13:25:18,922 AzureTestcase | Deleting blob: test_cases/1/09
[INFO] 2025-12-23 13:25:19,226 AzureTestcase | Deleting blob: test_cases/1/09.a
[INFO] 2025-12-23 13:25:19,534 AzureTestcase | Deleting blob: test_cases/1/10
[INFO] 2025-12-23 13:25:19,943 AzureTestcase | Deleting blob: test_cases/1/10.a
[INFO] 2025-12-23 13:25:20,220 AzureTestcase | Deleting blob: test_cases/1/11
[INFO] 2025-12-23 13:25:20,543 AzureTestcase | Deleting blob: test_cases/1/11.a
[INFO] 2025-12-23 13:25:20,865 AzureTestcase | Deleting blob: test_cases/1/12
[INFO] 2025-12-23 13:25:21,271 AzureTestcase | Deleting blob: test_cases/1/12.a
[INFO] 2025-12-23 13:25:21,754 AzureTestcase | Deleting blob: test_cases/1/13
[INFO] 2025-12-23 13:25:22,085 AzureTestcase | Deleting blob: test_cases/1/13.a
[INFO] 2025-12-23 13:25:22,402 AzureTestcase | Deleting blob: test_cases/1/custom_checker.cpp
[INFO] 2025-12-23 13:25:22,810 AzureTestcase | Deleted 27 blobs for problem 1 in container polygon-migration.
[INFO] 2025-12-23 13:25:23,221 AzureTestcase | Uploaded input for test #1 to test_cases/1/01
[INFO] 2025-12-23 13:25:23,630 AzureTestcase | Uploaded output for test #1 to test_cases/1/01.a
[INFO] 2025-12-23 13:25:23,992 AzureTestcase | Uploaded input for test #2 to test_cases/1/02
[INFO] 2025-12-23 13:25:24,350 AzureTestcase | Uploaded output for test #2 to test_cases/1/02.a
[INFO] 2025-12-23 13:25:24,638 AzureTestcase | Uploaded input for test #3 to test_cases/1/03
[INFO] 2025-12-23 13:25:24,961 AzureTestcase | Uploaded output for test #3 to test_cases/1/03.a
[INFO] 2025-12-23 13:25:25,371 AzureTestcase | Uploaded input for test #4 to test_cases/1/04
[INFO] 2025-12-23 13:25:25,882 AzureTestcase | Uploaded output for test #4 to test_cases/1/04.a
[INFO] 2025-12-23 13:25:26,190 AzureTestcase | Uploaded input for test #5 to test_cases/1/05
[INFO] 2025-12-23 13:25:26,600 AzureTestcase | Uploaded output for test #5 to test_cases/1/05.a
[INFO] 2025-12-23 13:25:27,009 AzureTestcase | Uploaded input for test #6 to test_cases/1/06
[INFO] 2025-12-23 13:25:27,317 AzureTestcase | Uploaded output for test #6 to test_cases/1/06.a
[INFO] 2025-12-23 13:25:27,727 AzureTestcase | Uploaded input for test #7 to test_cases/1/07
[INFO] 2025-12-23 13:25:28,135 AzureTestcase | Uploaded output for test #7 to test_cases/1/07.a
[INFO] 2025-12-23 13:25:28,648 AzureTestcase | Uploaded input for test #8 to test_cases/1/08
[INFO] 2025-12-23 13:25:29,057 AzureTestcase | Uploaded output for test #8 to test_cases/1/08.a
[INFO] 2025-12-23 13:25:29,467 AzureTestcase | Uploaded input for test #9 to test_cases/1/09
[INFO] 2025-12-23 13:25:29,877 AzureTestcase | Uploaded output for test #9 to test_cases/1/09.a
[INFO] 2025-12-23 13:25:30,253 AzureTestcase | Uploaded input for test #10 to test_cases/1/10
[INFO] 2025-12-23 13:25:30,594 AzureTestcase | Uploaded output for test #10 to test_cases/1/10.a
[INFO] 2025-12-23 13:25:31,004 AzureTestcase | Uploaded input for test #11 to test_cases/1/11
[INFO] 2025-12-23 13:25:31,410 AzureTestcase | Uploaded output for test #11 to test_cases/1/11.a
[INFO] 2025-12-23 13:25:31,823 AzureTestcase | Uploaded input for test #12 to test_cases/1/12
[INFO] 2025-12-23 13:25:32,129 AzureTestcase | Uploaded output for test #12 to test_cases/1/12.a
[INFO] 2025-12-23 13:25:32,539 AzureTestcase | Uploaded input for test #13 to test_cases/1/13
[INFO] 2025-12-23 13:25:32,949 AzureTestcase | Uploaded output for test #13 to test_cases/1/13.a
[INFO] 2025-12-23 13:25:32,949 polygon_api | Uploaded 13 test cases to Azure
[INFO] 2025-12-23 13:25:32,949 polygon_api | Starting custom checker processing for problem 497346
[INFO] 2025-12-23 13:25:32,949 polygon_api | Processing custom checker for problem 497346
[INFO] 2025-12-23 13:25:32,949 polygon_api | Fetching custom checker info for problem 497346
[DEBUG] 2025-12-23 13:25:33,325 polygon_api | Raw checker info: checker.cpp
[INFO] 2025-12-23 13:25:33,325 polygon_api | Custom checker detected: {'name': 'checker.cpp', 'type': 'custom'}
[INFO] 2025-12-23 13:25:33,326 polygon_api | Custom checker info retrieved: {'name': 'checker.cpp', 'type': 'custom'}
[INFO] 2025-12-23 13:25:33,326 polygon_api | Fetching custom checker file checker.cpp via API for problem 497346
[INFO] 2025-12-23 13:25:33,868 polygon_api | Successfully fetched custom checker file via API, content length: 632
[INFO] 2025-12-23 13:25:33,868 polygon_api | Custom checker source code fetched successfully, length: 632
[INFO] 2025-12-23 13:25:33,868 polygon_api | Initializing Azure Blob Manager for custom checker upload
[INFO] 2025-12-23 13:25:33,868 AzureTestcase | Attempting to authenticate...
[INFO] 2025-12-23 13:25:33,869 AzureTestcase | Authentication successful. BlobServiceClient created.
[INFO] 2025-12-23 13:25:33,870 polygon_api | Created temporary directory for compilation: /tmp/tmpb1hrkhqb
[INFO] 2025-12-23 13:25:33,870 polygon_api | Compiling custom checker in /tmp/tmpb1hrkhqb
[INFO] 2025-12-23 13:25:33,870 polygon_api | Found g++ at: /usr/bin/g++
[INFO] 2025-12-23 13:25:33,870 polygon_api | Source code written to: /tmp/tmpb1hrkhqb/custom_checker.cpp
[INFO] 2025-12-23 13:25:33,870 polygon_api | Running compilation command: g++ -std=gnu++17 -O2 -o /tmp/tmpb1hrkhqb/custom_checker /tmp/tmpb1hrkhqb/custom_checker.cpp
[INFO] 2025-12-23 13:25:33,883 polygon_api | Compilation completed with return code: 1
[DEBUG] 2025-12-23 13:25:33,884 polygon_api | Compilation stderr: /tmp/tmpb1hrkhqb/custom_checker.cpp:1:10: fatal error: testlib.h: No such file or directory
    1 | #include "testlib.h"
      |          ^~~~~~~~~~~
compilation terminated.

[ERROR] 2025-12-23 13:25:33,884 polygon_api | Compilation failed with return code 1
[ERROR] 2025-12-23 13:25:33,884 polygon_api | stdout: 
[ERROR] 2025-12-23 13:25:33,884 polygon_api | stderr: /tmp/tmpb1hrkhqb/custom_checker.cpp:1:10: fatal error: testlib.h: No such file or directory
    1 | #include "testlib.h"
      |          ^~~~~~~~~~~
compilation terminated.

[WARNING] 2025-12-23 13:25:33,884 polygon_api | Failed to compile custom checker, uploading source code instead
[INFO] 2025-12-23 13:25:36,225 polygon_api | Uploaded custom checker source code to test_cases/1/custom_checker.cpp
[INFO] 2025-12-23 13:25:36,226 polygon_api | Completed custom checker processing for problem 497346
[INFO] 2025-12-23 13:25:36,226 polygon_api | Completed migrate_to_azure_blob for problem 497346
[INFO] 2025-12-23 13:25:36,226 views | Azure migration completed successfully
[INFO] 2025-12-23 13:25:36,226 polygon_api | Fetching problem info for 497346
[INFO] 2025-12-23 13:25:36,633 polygon_api | Polygon problem.info response: {'timeLimit': 1000, 'inputFile': 'stdin', 'outputFile': 'stdout', 'interactive': False, 'memoryLimit': 256}
[DEBUG] 2025-12-23 13:25:36,634 views | Polygon problem info: {'timeLimit': 1000, 'inputFile': 'stdin', 'outputFile': 'stdout', 'interactive': False, 'memoryLimit': 256}
[INFO] 2025-12-23 13:25:36,634 polygon_api | Downloading package for problem 497346
[INFO] 2025-12-23 13:25:36,634 polygon_api | Fetching problem info for 497346
[INFO] 2025-12-23 13:25:37,042 polygon_api | Polygon problem.info response: {'timeLimit': 1000, 'inputFile': 'stdin', 'outputFile': 'stdout', 'interactive': False, 'memoryLimit': 256}
[INFO] 2025-12-23 13:25:40,265 polygon_api | Successfully read problem.html content, length: 3972 characters
[DEBUG] 2025-12-23 13:25:40,267 polygon_api | Cleaned up temporary directory: /tmp/tmpvjsg908w
[DEBUG] 2025-12-23 13:25:40,268 views | Downloaded and extracted problem_html_content, length: 3972
[INFO] 2025-12-23 13:25:40,268 views | Entered parse_problem_html with content length=3972
[DEBUG] 2025-12-23 13:25:40,268 views | Extracted title=Multiply two nums, legend length=61, input_format length=548, output_format length=124
[INFO] 2025-12-23 13:25:40,268 views | Exiting parse_problem_html
[DEBUG] 2025-12-23 13:25:40,268 views | Parsed html_data: {'title': 'Multiply two nums', 'legend': '<p>Given two numbers multiply them and return the answer.</p>', 'input_format': '<p>The first line will contain the number of test cases <span class="tex-font-style-bf"><span class="tex-font-style-it">t</span></span>: 1 &lt;= t &lt;= 10. The next t lines will contain two integers <span class="tex-font-style-bf"><span class="tex-font-style-it">n</span></span> and <span class="tex-font-style-bf"><span class="tex-font-style-it">m</span></span>: 0 &lt;= <span class="tex-font-style-bf"><span class="tex-font-style-it">n</span></span>,<span class="tex-font-style-bf"><span class="tex-font-style-it">m</span></span> &lt;= 1000.</p>', 'output_format': '<p>Print t lines — one line for each test case. For each test case, print a single integer — product of the two numbers.</p>', 'notes': ''}
[INFO] 2025-12-23 13:25:40,269 polygon_api | Retrieved 13 test cases from Redis for polygon_id 497346
[INFO] 2025-12-23 13:25:40,270 views | Retrieved test cases from Redis for test case migration to DB (saved Polygon API call)
[DEBUG] 2025-12-23 13:25:40,524 views | checker_type=checker.cpp
[INFO] 2025-12-23 13:25:40,524 polygon_api | Fetching custom checker info for problem 497346
[DEBUG] 2025-12-23 13:25:40,853 polygon_api | Raw checker info: checker.cpp
[INFO] 2025-12-23 13:25:40,853 polygon_api | Custom checker detected: {'name': 'checker.cpp', 'type': 'custom'}
[INFO] 2025-12-23 13:25:40,853 polygon_api | Fetching test cases for 497346, testset
[DEBUG] 2025-12-23 13:25:41,104 views | test_case_count=13
[INFO] 2025-12-23 13:25:41,105 views | Exiting index view
[INFO] 2025-12-23 13:28:11,391 views | Entered index view with method=POST
[DEBUG] 2025-12-23 13:28:11,392 views | POST data: polygon_id=497346, migrate_to_azure=1, migrate_to_db=None, migrate_test_cases_to_db=None, difficulty=, selected_tags=[], new_tag=
[DEBUG] 2025-12-23 13:28:11,393 views | All POST data: {'csrfmiddlewaretoken': ['jDlb5nFTXgQE0pJzbcsBUX73J1vBlQEhgJqGNQOqYDbYEZUQmB2V1eUiRA6v7cLA'], 'problem_id': ['497346'], 'migrate_to_azure': ['1']}
[INFO] 2025-12-23 13:28:11,393 views | Processing polygon_id=497346
[DEBUG] 2025-12-23 13:28:11,395 views | db_problem=Multiply two nums
[DEBUG] 2025-12-23 13:28:12,230 views | Updated working copy: None
[DEBUG] 2025-12-23 13:28:12,560 views | Fetched solutions: [{'name': 'solution.cpp', 'modificationTimeSeconds': 1766401304, 'length': 273, 'tag': 'MA', 'sourceType': 'cpp.g++14'}]
[INFO] 2025-12-23 13:28:12,808 views | Azure migration triggered for polygon_id=497346
[INFO] 2025-12-23 13:28:12,810 views | Problem found in DB, proceeding with Azure migration
[INFO] 2025-12-23 13:28:12,811 views | Azure migration params: problem_id=1, container=polygon-migration
[INFO] 2025-12-23 13:28:12,811 polygon_api | pattern oj_dev_with_redis_storage_test_cases_1*
[INFO] 2025-12-23 13:28:12,812 polygon_api | Fetching custom checker info for problem 497346
[DEBUG] 2025-12-23 13:28:13,272 polygon_api | Raw checker info: checker.cpp
[INFO] 2025-12-23 13:28:13,272 polygon_api | Custom checker detected: {'name': 'checker.cpp', 'type': 'custom'}
[INFO] 2025-12-23 13:28:13,272 views | Custom checker detected before Azure migration: {'name': 'checker.cpp', 'type': 'custom'}
[INFO] 2025-12-23 13:28:13,273 views | Calling migrate_to_azure_blob
[INFO] 2025-12-23 13:28:13,359 polygon_api | Starting migrate_to_azure_blob for problem 497346
[INFO] 2025-12-23 13:28:13,360 polygon_api | Retrieved 13 test cases from Redis for polygon_id 497346
[INFO] 2025-12-23 13:28:13,360 polygon_api | Retrieved test cases from Redis for Azure migration (saved Polygon API call)
[INFO] 2025-12-23 13:28:13,360 polygon_api | Retrieved 13 test cases for Azure migration
[INFO] 2025-12-23 13:28:13,360 AzureTestcase | Attempting to authenticate...
[INFO] 2025-12-23 13:28:13,361 AzureTestcase | Authentication successful. BlobServiceClient created.
[INFO] 2025-12-23 13:28:13,361 polygon_api | Using problem_id_for_naming: 1
[INFO] 2025-12-23 13:28:13,361 polygon_api | Deleting existing test cases from Azure
[INFO] 2025-12-23 13:28:15,886 AzureTestcase | Deleting blob: test_cases/1/01
[INFO] 2025-12-23 13:28:16,286 AzureTestcase | Deleting blob: test_cases/1/01.a
[INFO] 2025-12-23 13:28:16,694 AzureTestcase | Deleting blob: test_cases/1/02
[INFO] 2025-12-23 13:28:17,176 AzureTestcase | Deleting blob: test_cases/1/02.a
[INFO] 2025-12-23 13:28:17,616 AzureTestcase | Deleting blob: test_cases/1/03
[INFO] 2025-12-23 13:28:17,945 AzureTestcase | Deleting blob: test_cases/1/03.a
[INFO] 2025-12-23 13:28:18,195 AzureTestcase | Deleting blob: test_cases/1/04
[INFO] 2025-12-23 13:28:18,448 AzureTestcase | Deleting blob: test_cases/1/04.a
[INFO] 2025-12-23 13:28:18,749 AzureTestcase | Deleting blob: test_cases/1/05
[INFO] 2025-12-23 13:28:19,154 AzureTestcase | Deleting blob: test_cases/1/05.a
[INFO] 2025-12-23 13:28:19,561 AzureTestcase | Deleting blob: test_cases/1/06
[INFO] 2025-12-23 13:28:19,971 AzureTestcase | Deleting blob: test_cases/1/06.a
[INFO] 2025-12-23 13:28:20,286 AzureTestcase | Deleting blob: test_cases/1/07
[INFO] 2025-12-23 13:28:20,907 AzureTestcase | Deleting blob: test_cases/1/07.a
[INFO] 2025-12-23 13:28:21,183 AzureTestcase | Deleting blob: test_cases/1/08
[INFO] 2025-12-23 13:28:21,506 AzureTestcase | Deleting blob: test_cases/1/08.a
[INFO] 2025-12-23 13:28:21,908 AzureTestcase | Deleting blob: test_cases/1/09
[INFO] 2025-12-23 13:28:22,223 AzureTestcase | Deleting blob: test_cases/1/09.a
[INFO] 2025-12-23 13:28:22,633 AzureTestcase | Deleting blob: test_cases/1/10
[INFO] 2025-12-23 13:28:23,133 AzureTestcase | Deleting blob: test_cases/1/10.a
[INFO] 2025-12-23 13:28:23,656 AzureTestcase | Deleting blob: test_cases/1/11
[INFO] 2025-12-23 13:28:23,960 AzureTestcase | Deleting blob: test_cases/1/11.a
[INFO] 2025-12-23 13:28:24,373 AzureTestcase | Deleting blob: test_cases/1/12
[INFO] 2025-12-23 13:28:24,687 AzureTestcase | Deleting blob: test_cases/1/12.a
[INFO] 2025-12-23 13:28:25,090 AzureTestcase | Deleting blob: test_cases/1/13
[INFO] 2025-12-23 13:28:25,500 AzureTestcase | Deleting blob: test_cases/1/13.a
[INFO] 2025-12-23 13:28:25,813 AzureTestcase | Deleting blob: test_cases/1/custom_checker.cpp
[INFO] 2025-12-23 13:28:26,216 AzureTestcase | Deleted 27 blobs for problem 1 in container polygon-migration.
[INFO] 2025-12-23 13:28:26,626 AzureTestcase | Uploaded input for test #1 to test_cases/1/01
[INFO] 2025-12-23 13:28:27,138 AzureTestcase | Uploaded output for test #1 to test_cases/1/01.a
[INFO] 2025-12-23 13:28:27,548 AzureTestcase | Uploaded input for test #2 to test_cases/1/02
[INFO] 2025-12-23 13:28:27,927 AzureTestcase | Uploaded output for test #2 to test_cases/1/02.a
[INFO] 2025-12-23 13:28:28,269 AzureTestcase | Uploaded input for test #3 to test_cases/1/03
[INFO] 2025-12-23 13:28:28,674 AzureTestcase | Uploaded output for test #3 to test_cases/1/03.a
[INFO] 2025-12-23 13:28:28,990 AzureTestcase | Uploaded input for test #4 to test_cases/1/04
[INFO] 2025-12-23 13:28:29,293 AzureTestcase | Uploaded output for test #4 to test_cases/1/04.a
[INFO] 2025-12-23 13:28:29,698 AzureTestcase | Uploaded input for test #5 to test_cases/1/05
[INFO] 2025-12-23 13:28:30,108 AzureTestcase | Uploaded output for test #5 to test_cases/1/05.a
[INFO] 2025-12-23 13:28:30,516 AzureTestcase | Uploaded input for test #6 to test_cases/1/06
[INFO] 2025-12-23 13:28:30,926 AzureTestcase | Uploaded output for test #6 to test_cases/1/06.a
[INFO] 2025-12-23 13:28:31,336 AzureTestcase | Uploaded input for test #7 to test_cases/1/07
[INFO] 2025-12-23 13:28:31,745 AzureTestcase | Uploaded output for test #7 to test_cases/1/07.a
[INFO] 2025-12-23 13:28:32,157 AzureTestcase | Uploaded input for test #8 to test_cases/1/08
[INFO] 2025-12-23 13:28:32,564 AzureTestcase | Uploaded output for test #8 to test_cases/1/08.a
[INFO] 2025-12-23 13:28:32,974 AzureTestcase | Uploaded input for test #9 to test_cases/1/09
[INFO] 2025-12-23 13:28:33,384 AzureTestcase | Uploaded output for test #9 to test_cases/1/09.a
[INFO] 2025-12-23 13:28:33,793 AzureTestcase | Uploaded input for test #10 to test_cases/1/10
[INFO] 2025-12-23 13:28:34,203 AzureTestcase | Uploaded output for test #10 to test_cases/1/10.a
[INFO] 2025-12-23 13:28:34,516 AzureTestcase | Uploaded input for test #11 to test_cases/1/11
[INFO] 2025-12-23 13:28:34,818 AzureTestcase | Uploaded output for test #11 to test_cases/1/11.a
[INFO] 2025-12-23 13:28:35,227 AzureTestcase | Uploaded input for test #12 to test_cases/1/12
[INFO] 2025-12-23 13:28:35,637 AzureTestcase | Uploaded output for test #12 to test_cases/1/12.a
[INFO] 2025-12-23 13:28:36,046 AzureTestcase | Uploaded input for test #13 to test_cases/1/13
[INFO] 2025-12-23 13:28:36,428 AzureTestcase | Uploaded output for test #13 to test_cases/1/13.a
[INFO] 2025-12-23 13:28:36,428 polygon_api | Uploaded 13 test cases to Azure
[INFO] 2025-12-23 13:28:36,428 polygon_api | Starting custom checker processing for problem 497346
[INFO] 2025-12-23 13:28:36,428 polygon_api | Processing custom checker for problem 497346
[INFO] 2025-12-23 13:28:36,428 polygon_api | Fetching custom checker info for problem 497346
[DEBUG] 2025-12-23 13:28:37,275 polygon_api | Raw checker info: checker.cpp
[INFO] 2025-12-23 13:28:37,276 polygon_api | Custom checker detected: {'name': 'checker.cpp', 'type': 'custom'}
[INFO] 2025-12-23 13:28:37,276 polygon_api | Custom checker info retrieved: {'name': 'checker.cpp', 'type': 'custom'}
[INFO] 2025-12-23 13:28:37,276 polygon_api | Fetching custom checker file checker.cpp via API for problem 497346
[INFO] 2025-12-23 13:28:38,096 polygon_api | Successfully fetched custom checker file via API, content length: 632
[INFO] 2025-12-23 13:28:38,096 polygon_api | Custom checker source code fetched successfully, length: 632
[INFO] 2025-12-23 13:28:38,096 polygon_api | Initializing Azure Blob Manager for custom checker upload
[INFO] 2025-12-23 13:28:38,096 AzureTestcase | Attempting to authenticate...
[INFO] 2025-12-23 13:28:38,097 AzureTestcase | Authentication successful. BlobServiceClient created.
[INFO] 2025-12-23 13:28:38,097 polygon_api | Created temporary directory for compilation: /tmp/tmp4chs0oal
[INFO] 2025-12-23 13:28:38,098 polygon_api | Compiling custom checker in /tmp/tmp4chs0oal
[INFO] 2025-12-23 13:28:38,098 polygon_api | Found g++ at: /usr/bin/g++
[INFO] 2025-12-23 13:28:38,098 polygon_api | Source code written to: /tmp/tmp4chs0oal/custom_checker.cpp
[INFO] 2025-12-23 13:28:38,098 polygon_api | Running compilation command: g++ -std=gnu++17 -O2 -o /tmp/tmp4chs0oal/custom_checker /tmp/tmp4chs0oal/custom_checker.cpp
[INFO] 2025-12-23 13:28:38,112 polygon_api | Compilation completed with return code: 1
[DEBUG] 2025-12-23 13:28:38,113 polygon_api | Compilation stderr: /tmp/tmp4chs0oal/custom_checker.cpp:1:10: fatal error: testlib.h: No such file or directory
    1 | #include "testlib.h"
      |          ^~~~~~~~~~~
compilation terminated.

[ERROR] 2025-12-23 13:28:38,113 polygon_api | Compilation failed with return code 1
[ERROR] 2025-12-23 13:28:38,113 polygon_api | stdout: 
[ERROR] 2025-12-23 13:28:38,113 polygon_api | stderr: /tmp/tmp4chs0oal/custom_checker.cpp:1:10: fatal error: testlib.h: No such file or directory
    1 | #include "testlib.h"
      |          ^~~~~~~~~~~
compilation terminated.

[WARNING] 2025-12-23 13:28:38,113 polygon_api | Failed to compile custom checker, uploading source code instead
[INFO] 2025-12-23 13:28:40,245 polygon_api | Uploaded custom checker source code to test_cases/1/custom_checker.cpp
[INFO] 2025-12-23 13:28:40,245 polygon_api | Completed custom checker processing for problem 497346
[INFO] 2025-12-23 13:28:40,246 polygon_api | Completed migrate_to_azure_blob for problem 497346
[INFO] 2025-12-23 13:28:40,246 views | Azure migration completed successfully
[INFO] 2025-12-23 13:28:40,246 polygon_api | Fetching problem info for 497346
[INFO] 2025-12-23 13:28:40,654 polygon_api | Polygon problem.info response: {'timeLimit': 1000, 'inputFile': 'stdin', 'outputFile': 'stdout', 'interactive': False, 'memoryLimit': 256}
[DEBUG] 2025-12-23 13:28:40,654 views | Polygon problem info: {'timeLimit': 1000, 'inputFile': 'stdin', 'outputFile': 'stdout', 'interactive': False, 'memoryLimit': 256}
[INFO] 2025-12-23 13:28:40,654 polygon_api | Downloading package for problem 497346
[INFO] 2025-12-23 13:28:40,655 polygon_api | Fetching problem info for 497346
[INFO] 2025-12-23 13:28:41,268 polygon_api | Polygon problem.info response: {'timeLimit': 1000, 'inputFile': 'stdin', 'outputFile': 'stdout', 'interactive': False, 'memoryLimit': 256}
[INFO] 2025-12-23 13:28:44,456 polygon_api | Successfully read problem.html content, length: 3972 characters
[DEBUG] 2025-12-23 13:28:44,459 polygon_api | Cleaned up temporary directory: /tmp/tmpk906d0ga
[DEBUG] 2025-12-23 13:28:44,460 views | Downloaded and extracted problem_html_content, length: 3972
[INFO] 2025-12-23 13:28:44,460 views | Entered parse_problem_html with content length=3972
[DEBUG] 2025-12-23 13:28:44,460 views | Extracted title=Multiply two nums, legend length=61, input_format length=548, output_format length=124
[INFO] 2025-12-23 13:28:44,460 views | Exiting parse_problem_html
[DEBUG] 2025-12-23 13:28:44,460 views | Parsed html_data: {'title': 'Multiply two nums', 'legend': '<p>Given two numbers multiply them and return the answer.</p>', 'input_format': '<p>The first line will contain the number of test cases <span class="tex-font-style-bf"><span class="tex-font-style-it">t</span></span>: 1 &lt;= t &lt;= 10. The next t lines will contain two integers <span class="tex-font-style-bf"><span class="tex-font-style-it">n</span></span> and <span class="tex-font-style-bf"><span class="tex-font-style-it">m</span></span>: 0 &lt;= <span class="tex-font-style-bf"><span class="tex-font-style-it">n</span></span>,<span class="tex-font-style-bf"><span class="tex-font-style-it">m</span></span> &lt;= 1000.</p>', 'output_format': '<p>Print t lines — one line for each test case. For each test case, print a single integer — product of the two numbers.</p>', 'notes': ''}
[INFO] 2025-12-23 13:28:44,461 polygon_api | Retrieved 13 test cases from Redis for polygon_id 497346
[INFO] 2025-12-23 13:28:44,461 views | Retrieved test cases from Redis for test case migration to DB (saved Polygon API call)
[DEBUG] 2025-12-23 13:28:44,719 views | checker_type=checker.cpp
[INFO] 2025-12-23 13:28:44,720 polygon_api | Fetching custom checker info for problem 497346
[DEBUG] 2025-12-23 13:28:44,974 polygon_api | Raw checker info: checker.cpp
[INFO] 2025-12-23 13:28:44,974 polygon_api | Custom checker detected: {'name': 'checker.cpp', 'type': 'custom'}
[INFO] 2025-12-23 13:28:44,974 polygon_api | Fetching test cases for 497346, testset
[DEBUG] 2025-12-23 13:28:45,239 views | test_case_count=13
[INFO] 2025-12-23 13:28:45,240 views | Exiting index view
[INFO] 2025-12-23 13:30:58,555 views | Entered index view with method=POST
[DEBUG] 2025-12-23 13:30:58,556 views | POST data: polygon_id=497346, migrate_to_azure=1, migrate_to_db=None, migrate_test_cases_to_db=None, difficulty=, selected_tags=[], new_tag=
[DEBUG] 2025-12-23 13:30:58,556 views | All POST data: {'csrfmiddlewaretoken': ['jDlb5nFTXgQE0pJzbcsBUX73J1vBlQEhgJqGNQOqYDbYEZUQmB2V1eUiRA6v7cLA'], 'problem_id': ['497346'], 'migrate_to_azure': ['1']}
[INFO] 2025-12-23 13:30:58,556 views | Processing polygon_id=497346
[DEBUG] 2025-12-23 13:30:58,557 views | db_problem=Multiply two nums
[DEBUG] 2025-12-23 13:30:59,407 views | Updated working copy: None
[DEBUG] 2025-12-23 13:30:59,928 views | Fetched solutions: [{'name': 'solution.cpp', 'modificationTimeSeconds': 1766401304, 'length': 273, 'tag': 'MA', 'sourceType': 'cpp.g++14'}]
[INFO] 2025-12-23 13:31:01,353 views | Azure migration triggered for polygon_id=497346
[INFO] 2025-12-23 13:31:01,355 views | Problem found in DB, proceeding with Azure migration
[INFO] 2025-12-23 13:31:01,355 views | Azure migration params: problem_id=1, container=polygon-migration
[INFO] 2025-12-23 13:31:01,355 polygon_api | pattern oj_dev_with_redis_storage_test_cases_1*
[INFO] 2025-12-23 13:31:01,357 polygon_api | Fetching custom checker info for problem 497346
[DEBUG] 2025-12-23 13:31:01,734 polygon_api | Raw checker info: checker.cpp
[INFO] 2025-12-23 13:31:01,734 polygon_api | Custom checker detected: {'name': 'checker.cpp', 'type': 'custom'}
[INFO] 2025-12-23 13:31:01,734 views | Custom checker detected before Azure migration: {'name': 'checker.cpp', 'type': 'custom'}
[INFO] 2025-12-23 13:31:01,734 views | Calling migrate_to_azure_blob
[INFO] 2025-12-23 13:31:01,822 polygon_api | Starting migrate_to_azure_blob for problem 497346
[INFO] 2025-12-23 13:31:01,824 polygon_api | Retrieved 13 test cases from Redis for polygon_id 497346
[INFO] 2025-12-23 13:31:01,824 polygon_api | Retrieved test cases from Redis for Azure migration (saved Polygon API call)
[INFO] 2025-12-23 13:31:01,824 polygon_api | Retrieved 13 test cases for Azure migration
[INFO] 2025-12-23 13:31:01,824 AzureTestcase | Attempting to authenticate...
[INFO] 2025-12-23 13:31:01,824 AzureTestcase | Authentication successful. BlobServiceClient created.
[INFO] 2025-12-23 13:31:01,824 polygon_api | Using problem_id_for_naming: 1
[INFO] 2025-12-23 13:31:01,824 polygon_api | Deleting existing test cases from Azure
[INFO] 2025-12-23 13:31:04,405 AzureTestcase | Deleting blob: test_cases/1/01
[INFO] 2025-12-23 13:31:04,651 AzureTestcase | Deleting blob: test_cases/1/01.a
[INFO] 2025-12-23 13:31:05,039 AzureTestcase | Deleting blob: test_cases/1/02
[INFO] 2025-12-23 13:31:05,322 AzureTestcase | Deleting blob: test_cases/1/02.a
[INFO] 2025-12-23 13:31:05,652 AzureTestcase | Deleting blob: test_cases/1/03
[INFO] 2025-12-23 13:31:05,945 AzureTestcase | Deleting blob: test_cases/1/03.a
[INFO] 2025-12-23 13:31:06,267 AzureTestcase | Deleting blob: test_cases/1/04
[INFO] 2025-12-23 13:31:06,550 AzureTestcase | Deleting blob: test_cases/1/04.a
[INFO] 2025-12-23 13:31:06,796 AzureTestcase | Deleting blob: test_cases/1/05
[INFO] 2025-12-23 13:31:07,190 AzureTestcase | Deleting blob: test_cases/1/05.a
[INFO] 2025-12-23 13:31:07,599 AzureTestcase | Deleting blob: test_cases/1/06
[INFO] 2025-12-23 13:31:07,930 AzureTestcase | Deleting blob: test_cases/1/06.a
[INFO] 2025-12-23 13:31:08,213 AzureTestcase | Deleting blob: test_cases/1/07
[INFO] 2025-12-23 13:31:08,623 AzureTestcase | Deleting blob: test_cases/1/07.a
[INFO] 2025-12-23 13:31:09,033 AzureTestcase | Deleting blob: test_cases/1/08
[INFO] 2025-12-23 13:31:09,442 AzureTestcase | Deleting blob: test_cases/1/08.a
[INFO] 2025-12-23 13:31:09,822 AzureTestcase | Deleting blob: test_cases/1/09
[INFO] 2025-12-23 13:31:10,132 AzureTestcase | Deleting blob: test_cases/1/09.a
[INFO] 2025-12-23 13:31:10,363 AzureTestcase | Deleting blob: test_cases/1/10
[INFO] 2025-12-23 13:31:10,609 AzureTestcase | Deleting blob: test_cases/1/10.a
[INFO] 2025-12-23 13:31:10,845 AzureTestcase | Deleting blob: test_cases/1/11
[INFO] 2025-12-23 13:31:11,183 AzureTestcase | Deleting blob: test_cases/1/11.a
[INFO] 2025-12-23 13:31:11,490 AzureTestcase | Deleting blob: test_cases/1/12
[INFO] 2025-12-23 13:31:11,792 AzureTestcase | Deleting blob: test_cases/1/12.a
[INFO] 2025-12-23 13:31:12,207 AzureTestcase | Deleting blob: test_cases/1/13
[INFO] 2025-12-23 13:31:12,586 AzureTestcase | Deleting blob: test_cases/1/13.a
[INFO] 2025-12-23 13:31:12,824 AzureTestcase | Deleting blob: test_cases/1/custom_checker.cpp
[INFO] 2025-12-23 13:31:13,226 AzureTestcase | Deleted 27 blobs for problem 1 in container polygon-migration.
[INFO] 2025-12-23 13:31:13,538 AzureTestcase | Uploaded input for test #1 to test_cases/1/01
[INFO] 2025-12-23 13:31:13,941 AzureTestcase | Uploaded output for test #1 to test_cases/1/01.a
[INFO] 2025-12-23 13:31:14,255 AzureTestcase | Uploaded input for test #2 to test_cases/1/02
[INFO] 2025-12-23 13:31:14,668 AzureTestcase | Uploaded output for test #2 to test_cases/1/02.a
[INFO] 2025-12-23 13:31:15,075 AzureTestcase | Uploaded input for test #3 to test_cases/1/03
[INFO] 2025-12-23 13:31:15,484 AzureTestcase | Uploaded output for test #3 to test_cases/1/03.a
[INFO] 2025-12-23 13:31:15,894 AzureTestcase | Uploaded input for test #4 to test_cases/1/04
[INFO] 2025-12-23 13:31:16,202 AzureTestcase | Uploaded output for test #4 to test_cases/1/04.a
[INFO] 2025-12-23 13:31:16,611 AzureTestcase | Uploaded input for test #5 to test_cases/1/05
[INFO] 2025-12-23 13:31:16,902 AzureTestcase | Uploaded output for test #5 to test_cases/1/05.a
[INFO] 2025-12-23 13:31:17,213 AzureTestcase | Uploaded input for test #6 to test_cases/1/06
[INFO] 2025-12-23 13:31:17,532 AzureTestcase | Uploaded output for test #6 to test_cases/1/06.a
[INFO] 2025-12-23 13:31:17,915 AzureTestcase | Uploaded input for test #7 to test_cases/1/07
[INFO] 2025-12-23 13:31:18,249 AzureTestcase | Uploaded output for test #7 to test_cases/1/07.a
[INFO] 2025-12-23 13:31:18,547 AzureTestcase | Uploaded input for test #8 to test_cases/1/08
[INFO] 2025-12-23 13:31:18,863 AzureTestcase | Uploaded output for test #8 to test_cases/1/08.a
[INFO] 2025-12-23 13:31:19,273 AzureTestcase | Uploaded input for test #9 to test_cases/1/09
[INFO] 2025-12-23 13:31:19,683 AzureTestcase | Uploaded output for test #9 to test_cases/1/09.a
[INFO] 2025-12-23 13:31:20,093 AzureTestcase | Uploaded input for test #10 to test_cases/1/10
[INFO] 2025-12-23 13:31:20,502 AzureTestcase | Uploaded output for test #10 to test_cases/1/10.a
[INFO] 2025-12-23 13:31:20,891 AzureTestcase | Uploaded input for test #11 to test_cases/1/11
[INFO] 2025-12-23 13:31:21,219 AzureTestcase | Uploaded output for test #11 to test_cases/1/11.a
[INFO] 2025-12-23 13:31:21,514 AzureTestcase | Uploaded input for test #12 to test_cases/1/12
[INFO] 2025-12-23 13:31:21,834 AzureTestcase | Uploaded output for test #12 to test_cases/1/12.a
[INFO] 2025-12-23 13:31:22,215 AzureTestcase | Uploaded input for test #13 to test_cases/1/13
[INFO] 2025-12-23 13:31:22,463 AzureTestcase | Uploaded output for test #13 to test_cases/1/13.a
[INFO] 2025-12-23 13:31:22,463 polygon_api | Uploaded 13 test cases to Azure
[INFO] 2025-12-23 13:31:22,463 polygon_api | Starting custom checker processing for problem 497346
[INFO] 2025-12-23 13:31:22,463 polygon_api | Processing custom checker for problem 497346
[INFO] 2025-12-23 13:31:22,463 polygon_api | Fetching custom checker info for problem 497346
[DEBUG] 2025-12-23 13:31:23,165 polygon_api | Raw checker info: checker.cpp
[INFO] 2025-12-23 13:31:23,165 polygon_api | Custom checker detected: {'name': 'checker.cpp', 'type': 'custom'}
[INFO] 2025-12-23 13:31:23,165 polygon_api | Custom checker info retrieved: {'name': 'checker.cpp', 'type': 'custom'}
[INFO] 2025-12-23 13:31:23,165 polygon_api | Fetching custom checker file checker.cpp via API for problem 497346
[INFO] 2025-12-23 13:31:23,780 polygon_api | Successfully fetched custom checker file via API, content length: 632
[INFO] 2025-12-23 13:31:23,781 polygon_api | Custom checker source code fetched successfully, length: 632
[INFO] 2025-12-23 13:31:23,781 polygon_api | Initializing Azure Blob Manager for custom checker upload
[INFO] 2025-12-23 13:31:23,781 AzureTestcase | Attempting to authenticate...
[INFO] 2025-12-23 13:31:23,781 AzureTestcase | Authentication successful. BlobServiceClient created.
[INFO] 2025-12-23 13:31:23,782 polygon_api | Created temporary directory for compilation: /tmp/tmpd7d6tn4q
[INFO] 2025-12-23 13:31:23,782 polygon_api | Compiling custom checker in /tmp/tmpd7d6tn4q
[INFO] 2025-12-23 13:31:23,782 polygon_api | Found g++ at: /usr/bin/g++
[INFO] 2025-12-23 13:31:23,782 polygon_api | Source code written to: /tmp/tmpd7d6tn4q/custom_checker.cpp
[INFO] 2025-12-23 13:31:23,782 polygon_api | Running compilation command: g++ -std=gnu++17 -O2 -I./opt/checker_includes -o /tmp/tmpd7d6tn4q/custom_checker /tmp/tmpd7d6tn4q/custom_checker.cpp
[INFO] 2025-12-23 13:31:23,796 polygon_api | Compilation completed with return code: 1
[DEBUG] 2025-12-23 13:31:23,796 polygon_api | Compilation stderr: /tmp/tmpd7d6tn4q/custom_checker.cpp:1:10: fatal error: testlib.h: No such file or directory
    1 | #include "testlib.h"
      |          ^~~~~~~~~~~
compilation terminated.

[ERROR] 2025-12-23 13:31:23,796 polygon_api | Compilation failed with return code 1
[ERROR] 2025-12-23 13:31:23,796 polygon_api | stdout: 
[ERROR] 2025-12-23 13:31:23,796 polygon_api | stderr: /tmp/tmpd7d6tn4q/custom_checker.cpp:1:10: fatal error: testlib.h: No such file or directory
    1 | #include "testlib.h"
      |          ^~~~~~~~~~~
compilation terminated.

[WARNING] 2025-12-23 13:31:23,797 polygon_api | Failed to compile custom checker, uploading source code instead
[INFO] 2025-12-23 13:31:26,237 polygon_api | Uploaded custom checker source code to test_cases/1/custom_checker.cpp
[INFO] 2025-12-23 13:31:26,238 polygon_api | Completed custom checker processing for problem 497346
[INFO] 2025-12-23 13:31:26,238 polygon_api | Completed migrate_to_azure_blob for problem 497346
[INFO] 2025-12-23 13:31:26,238 views | Azure migration completed successfully
[INFO] 2025-12-23 13:31:26,238 polygon_api | Fetching problem info for 497346
[INFO] 2025-12-23 13:31:26,839 polygon_api | Polygon problem.info response: {'timeLimit': 1000, 'inputFile': 'stdin', 'outputFile': 'stdout', 'interactive': False, 'memoryLimit': 256}
[DEBUG] 2025-12-23 13:31:26,839 views | Polygon problem info: {'timeLimit': 1000, 'inputFile': 'stdin', 'outputFile': 'stdout', 'interactive': False, 'memoryLimit': 256}
[INFO] 2025-12-23 13:31:26,839 polygon_api | Downloading package for problem 497346
[INFO] 2025-12-23 13:31:26,840 polygon_api | Fetching problem info for 497346
[INFO] 2025-12-23 13:31:27,333 polygon_api | Polygon problem.info response: {'timeLimit': 1000, 'inputFile': 'stdin', 'outputFile': 'stdout', 'interactive': False, 'memoryLimit': 256}
[INFO] 2025-12-23 13:31:30,003 polygon_api | Successfully read problem.html content, length: 3972 characters
[DEBUG] 2025-12-23 13:31:30,005 polygon_api | Cleaned up temporary directory: /tmp/tmpz9j18l4z
[DEBUG] 2025-12-23 13:31:30,006 views | Downloaded and extracted problem_html_content, length: 3972
[INFO] 2025-12-23 13:31:30,006 views | Entered parse_problem_html with content length=3972
[DEBUG] 2025-12-23 13:31:30,006 views | Extracted title=Multiply two nums, legend length=61, input_format length=548, output_format length=124
[INFO] 2025-12-23 13:31:30,006 views | Exiting parse_problem_html
[DEBUG] 2025-12-23 13:31:30,006 views | Parsed html_data: {'title': 'Multiply two nums', 'legend': '<p>Given two numbers multiply them and return the answer.</p>', 'input_format': '<p>The first line will contain the number of test cases <span class="tex-font-style-bf"><span class="tex-font-style-it">t</span></span>: 1 &lt;= t &lt;= 10. The next t lines will contain two integers <span class="tex-font-style-bf"><span class="tex-font-style-it">n</span></span> and <span class="tex-font-style-bf"><span class="tex-font-style-it">m</span></span>: 0 &lt;= <span class="tex-font-style-bf"><span class="tex-font-style-it">n</span></span>,<span class="tex-font-style-bf"><span class="tex-font-style-it">m</span></span> &lt;= 1000.</p>', 'output_format': '<p>Print t lines — one line for each test case. For each test case, print a single integer — product of the two numbers.</p>', 'notes': ''}
[INFO] 2025-12-23 13:31:30,008 polygon_api | Retrieved 13 test cases from Redis for polygon_id 497346
[INFO] 2025-12-23 13:31:30,008 views | Retrieved test cases from Redis for test case migration to DB (saved Polygon API call)
[DEBUG] 2025-12-23 13:31:30,274 views | checker_type=checker.cpp
[INFO] 2025-12-23 13:31:30,275 polygon_api | Fetching custom checker info for problem 497346
[DEBUG] 2025-12-23 13:31:30,548 polygon_api | Raw checker info: checker.cpp
[INFO] 2025-12-23 13:31:30,548 polygon_api | Custom checker detected: {'name': 'checker.cpp', 'type': 'custom'}
[INFO] 2025-12-23 13:31:30,548 polygon_api | Fetching test cases for 497346, testset
[DEBUG] 2025-12-23 13:31:30,811 views | test_case_count=13
[INFO] 2025-12-23 13:31:30,811 views | Exiting index view
[INFO] 2025-12-23 13:32:14,071 views | Entered index view with method=POST
[DEBUG] 2025-12-23 13:32:14,072 views | POST data: polygon_id=497346, migrate_to_azure=1, migrate_to_db=None, migrate_test_cases_to_db=None, difficulty=, selected_tags=[], new_tag=
[DEBUG] 2025-12-23 13:32:14,072 views | All POST data: {'csrfmiddlewaretoken': ['jDlb5nFTXgQE0pJzbcsBUX73J1vBlQEhgJqGNQOqYDbYEZUQmB2V1eUiRA6v7cLA'], 'problem_id': ['497346'], 'migrate_to_azure': ['1']}
[INFO] 2025-12-23 13:32:14,072 views | Processing polygon_id=497346
[DEBUG] 2025-12-23 13:32:14,074 views | db_problem=Multiply two nums
[DEBUG] 2025-12-23 13:32:14,881 views | Updated working copy: None
[DEBUG] 2025-12-23 13:32:15,495 views | Fetched solutions: [{'name': 'solution.cpp', 'modificationTimeSeconds': 1766401304, 'length': 273, 'tag': 'MA', 'sourceType': 'cpp.g++14'}]
[INFO] 2025-12-23 13:32:16,315 views | Azure migration triggered for polygon_id=497346
[INFO] 2025-12-23 13:32:16,318 views | Problem found in DB, proceeding with Azure migration
[INFO] 2025-12-23 13:32:16,318 views | Azure migration params: problem_id=1, container=polygon-migration
[INFO] 2025-12-23 13:32:16,318 polygon_api | pattern oj_dev_with_redis_storage_test_cases_1*
[INFO] 2025-12-23 13:32:16,320 polygon_api | Fetching custom checker info for problem 497346
[DEBUG] 2025-12-23 13:32:17,441 polygon_api | Raw checker info: checker.cpp
[INFO] 2025-12-23 13:32:17,441 polygon_api | Custom checker detected: {'name': 'checker.cpp', 'type': 'custom'}
[INFO] 2025-12-23 13:32:17,441 views | Custom checker detected before Azure migration: {'name': 'checker.cpp', 'type': 'custom'}
[INFO] 2025-12-23 13:32:17,441 views | Calling migrate_to_azure_blob
[INFO] 2025-12-23 13:32:17,524 polygon_api | Starting migrate_to_azure_blob for problem 497346
[INFO] 2025-12-23 13:32:17,526 polygon_api | Retrieved 13 test cases from Redis for polygon_id 497346
[INFO] 2025-12-23 13:32:17,526 polygon_api | Retrieved test cases from Redis for Azure migration (saved Polygon API call)
[INFO] 2025-12-23 13:32:17,526 polygon_api | Retrieved 13 test cases for Azure migration
[INFO] 2025-12-23 13:32:17,526 AzureTestcase | Attempting to authenticate...
[INFO] 2025-12-23 13:32:17,526 AzureTestcase | Authentication successful. BlobServiceClient created.
[INFO] 2025-12-23 13:32:17,526 polygon_api | Using problem_id_for_naming: 1
[INFO] 2025-12-23 13:32:17,526 polygon_api | Deleting existing test cases from Azure
[INFO] 2025-12-23 13:32:20,185 AzureTestcase | Deleting blob: test_cases/1/01
[INFO] 2025-12-23 13:32:20,482 AzureTestcase | Deleting blob: test_cases/1/01.a
[INFO] 2025-12-23 13:32:20,820 AzureTestcase | Deleting blob: test_cases/1/02
[INFO] 2025-12-23 13:32:21,202 AzureTestcase | Deleting blob: test_cases/1/02.a
[INFO] 2025-12-23 13:32:21,449 AzureTestcase | Deleting blob: test_cases/1/03
[INFO] 2025-12-23 13:32:21,916 AzureTestcase | Deleting blob: test_cases/1/03.a
[INFO] 2025-12-23 13:32:22,254 AzureTestcase | Deleting blob: test_cases/1/04
[INFO] 2025-12-23 13:32:22,664 AzureTestcase | Deleting blob: test_cases/1/04.a
[INFO] 2025-12-23 13:32:23,073 AzureTestcase | Deleting blob: test_cases/1/05
[INFO] 2025-12-23 13:32:23,483 AzureTestcase | Deleting blob: test_cases/1/05.a
[INFO] 2025-12-23 13:32:23,892 AzureTestcase | Deleting blob: test_cases/1/06
[INFO] 2025-12-23 13:32:24,302 AzureTestcase | Deleting blob: test_cases/1/06.a
[INFO] 2025-12-23 13:32:24,712 AzureTestcase | Deleting blob: test_cases/1/07
[INFO] 2025-12-23 13:32:25,021 AzureTestcase | Deleting blob: test_cases/1/07.a
[INFO] 2025-12-23 13:32:25,335 AzureTestcase | Deleting blob: test_cases/1/08
[INFO] 2025-12-23 13:32:25,634 AzureTestcase | Deleting blob: test_cases/1/08.a
[INFO] 2025-12-23 13:32:25,941 AzureTestcase | Deleting blob: test_cases/1/09
[INFO] 2025-12-23 13:32:26,250 AzureTestcase | Deleting blob: test_cases/1/09.a
[INFO] 2025-12-23 13:32:26,522 AzureTestcase | Deleting blob: test_cases/1/10
[INFO] 2025-12-23 13:32:26,775 AzureTestcase | Deleting blob: test_cases/1/10.a
[INFO] 2025-12-23 13:32:27,141 AzureTestcase | Deleting blob: test_cases/1/11
[INFO] 2025-12-23 13:32:27,477 AzureTestcase | Deleting blob: test_cases/1/11.a
[INFO] 2025-12-23 13:32:27,886 AzureTestcase | Deleting blob: test_cases/1/12
[INFO] 2025-12-23 13:32:28,296 AzureTestcase | Deleting blob: test_cases/1/12.a
[INFO] 2025-12-23 13:32:28,705 AzureTestcase | Deleting blob: test_cases/1/13
[INFO] 2025-12-23 13:32:29,115 AzureTestcase | Deleting blob: test_cases/1/13.a
[INFO] 2025-12-23 13:32:29,524 AzureTestcase | Deleting blob: test_cases/1/custom_checker.cpp
[INFO] 2025-12-23 13:32:29,934 AzureTestcase | Deleted 27 blobs for problem 1 in container polygon-migration.
[INFO] 2025-12-23 13:32:30,242 AzureTestcase | Uploaded input for test #1 to test_cases/1/01
[INFO] 2025-12-23 13:32:30,651 AzureTestcase | Uploaded output for test #1 to test_cases/1/01.a
[INFO] 2025-12-23 13:32:31,061 AzureTestcase | Uploaded input for test #2 to test_cases/1/02
[INFO] 2025-12-23 13:32:31,471 AzureTestcase | Uploaded output for test #2 to test_cases/1/02.a
[INFO] 2025-12-23 13:32:31,880 AzureTestcase | Uploaded input for test #3 to test_cases/1/03
[INFO] 2025-12-23 13:32:32,188 AzureTestcase | Uploaded output for test #3 to test_cases/1/03.a
[INFO] 2025-12-23 13:32:32,597 AzureTestcase | Uploaded input for test #4 to test_cases/1/04
[INFO] 2025-12-23 13:32:33,007 AzureTestcase | Uploaded output for test #4 to test_cases/1/04.a
[INFO] 2025-12-23 13:32:33,417 AzureTestcase | Uploaded input for test #5 to test_cases/1/05
[INFO] 2025-12-23 13:32:33,826 AzureTestcase | Uploaded output for test #5 to test_cases/1/05.a
[INFO] 2025-12-23 13:32:34,209 AzureTestcase | Uploaded input for test #6 to test_cases/1/06
[INFO] 2025-12-23 13:32:34,542 AzureTestcase | Uploaded output for test #6 to test_cases/1/06.a
[INFO] 2025-12-23 13:32:34,835 AzureTestcase | Uploaded input for test #7 to test_cases/1/07
[INFO] 2025-12-23 13:32:35,158 AzureTestcase | Uploaded output for test #7 to test_cases/1/07.a
[INFO] 2025-12-23 13:32:35,639 AzureTestcase | Uploaded input for test #8 to test_cases/1/08
[INFO] 2025-12-23 13:32:35,992 AzureTestcase | Uploaded output for test #8 to test_cases/1/08.a
[INFO] 2025-12-23 13:32:36,284 AzureTestcase | Uploaded input for test #9 to test_cases/1/09
[INFO] 2025-12-23 13:32:36,693 AzureTestcase | Uploaded output for test #9 to test_cases/1/09.a
[INFO] 2025-12-23 13:32:37,103 AzureTestcase | Uploaded input for test #10 to test_cases/1/10
[INFO] 2025-12-23 13:32:37,513 AzureTestcase | Uploaded output for test #10 to test_cases/1/10.a
[INFO] 2025-12-23 13:32:37,922 AzureTestcase | Uploaded input for test #11 to test_cases/1/11
[INFO] 2025-12-23 13:32:38,302 AzureTestcase | Uploaded output for test #11 to test_cases/1/11.a
[INFO] 2025-12-23 13:32:38,552 AzureTestcase | Uploaded input for test #12 to test_cases/1/12
[INFO] 2025-12-23 13:32:38,920 AzureTestcase | Uploaded output for test #12 to test_cases/1/12.a
[INFO] 2025-12-23 13:32:39,254 AzureTestcase | Uploaded input for test #13 to test_cases/1/13
[INFO] 2025-12-23 13:32:39,663 AzureTestcase | Uploaded output for test #13 to test_cases/1/13.a
[INFO] 2025-12-23 13:32:39,664 polygon_api | Uploaded 13 test cases to Azure
[INFO] 2025-12-23 13:32:39,664 polygon_api | Starting custom checker processing for problem 497346
[INFO] 2025-12-23 13:32:39,664 polygon_api | Processing custom checker for problem 497346
[INFO] 2025-12-23 13:32:39,664 polygon_api | Fetching custom checker info for problem 497346
[DEBUG] 2025-12-23 13:32:40,059 polygon_api | Raw checker info: checker.cpp
[INFO] 2025-12-23 13:32:40,059 polygon_api | Custom checker detected: {'name': 'checker.cpp', 'type': 'custom'}
[INFO] 2025-12-23 13:32:40,059 polygon_api | Custom checker info retrieved: {'name': 'checker.cpp', 'type': 'custom'}
[INFO] 2025-12-23 13:32:40,059 polygon_api | Fetching custom checker file checker.cpp via API for problem 497346
[INFO] 2025-12-23 13:32:40,350 polygon_api | Successfully fetched custom checker file via API, content length: 632
[INFO] 2025-12-23 13:32:40,350 polygon_api | Custom checker source code fetched successfully, length: 632
[INFO] 2025-12-23 13:32:40,350 polygon_api | Initializing Azure Blob Manager for custom checker upload
[INFO] 2025-12-23 13:32:40,351 AzureTestcase | Attempting to authenticate...
[INFO] 2025-12-23 13:32:40,351 AzureTestcase | Authentication successful. BlobServiceClient created.
[INFO] 2025-12-23 13:32:40,352 polygon_api | Created temporary directory for compilation: /tmp/tmpn_n9k4e0
[INFO] 2025-12-23 13:32:40,352 polygon_api | Compiling custom checker in /tmp/tmpn_n9k4e0
[INFO] 2025-12-23 13:32:40,352 polygon_api | Found g++ at: /usr/bin/g++
[INFO] 2025-12-23 13:32:40,352 polygon_api | Source code written to: /tmp/tmpn_n9k4e0/custom_checker.cpp
[INFO] 2025-12-23 13:32:40,352 polygon_api | Running compilation command: g++ -std=gnu++17 -O2 -I/home/vaik/Polygon-migration-assignment/Polygon-migration-assignment/PolygonMigration/opt/checker_includes/testlib.h -o /tmp/tmpn_n9k4e0/custom_checker /tmp/tmpn_n9k4e0/custom_checker.cpp
[INFO] 2025-12-23 13:32:40,367 polygon_api | Compilation completed with return code: 1
[DEBUG] 2025-12-23 13:32:40,367 polygon_api | Compilation stderr: cc1plus: warning: /home/vaik/Polygon-migration-assignment/Polygon-migration-assignment/PolygonMigration/opt/checker_includes/testlib.h: not a directory
/tmp/tmpn_n9k4e0/custom_checker.cpp:1:10: fatal error: testlib.h: No such file or directory
    1 | #include "testlib.h"
      |          ^~~~~~~~~~~
compilation terminated.

[ERROR] 2025-12-23 13:32:40,367 polygon_api | Compilation failed with return code 1
[ERROR] 2025-12-23 13:32:40,367 polygon_api | stdout: 
[ERROR] 2025-12-23 13:32:40,367 polygon_api | stderr: cc1plus: warning: /home/vaik/Polygon-migration-assignment/Polygon-migration-assignment/PolygonMigration/opt/checker_includes/testlib.h: not a directory
/tmp/tmpn_n9k4e0/custom_checker.cpp:1:10: fatal error: testlib.h: No such file or directory
    1 | #include "testlib.h"
      |          ^~~~~~~~~~~
compilation terminated.

[WARNING] 2025-12-23 13:32:40,367 polygon_api | Failed to compile custom checker, uploading source code instead
[INFO] 2025-12-23 13:32:42,838 polygon_api | Uploaded custom checker source code to test_cases/1/custom_checker.cpp
[INFO] 2025-12-23 13:32:42,839 polygon_api | Completed custom checker processing for problem 497346
[INFO] 2025-12-23 13:32:42,839 polygon_api | Completed migrate_to_azure_blob for problem 497346
[INFO] 2025-12-23 13:32:42,839 views | Azure migration completed successfully
[INFO] 2025-12-23 13:32:42,839 polygon_api | Fetching problem info for 497346
[INFO] 2025-12-23 13:32:43,248 polygon_api | Polygon problem.info response: {'timeLimit': 1000, 'inputFile': 'stdin', 'outputFile': 'stdout', 'interactive': False, 'memoryLimit': 256}
[DEBUG] 2025-12-23 13:32:43,248 views | Polygon problem info: {'timeLimit': 1000, 'inputFile': 'stdin', 'outputFile': 'stdout', 'interactive': False, 'memoryLimit': 256}
[INFO] 2025-12-23 13:32:43,248 polygon_api | Downloading package for problem 497346
[INFO] 2025-12-23 13:32:43,249 polygon_api | Fetching problem info for 497346
[INFO] 2025-12-23 13:32:43,658 polygon_api | Polygon problem.info response: {'timeLimit': 1000, 'inputFile': 'stdin', 'outputFile': 'stdout', 'interactive': False, 'memoryLimit': 256}
[INFO] 2025-12-23 13:32:46,198 polygon_api | Successfully read problem.html content, length: 3972 characters
[DEBUG] 2025-12-23 13:32:46,201 polygon_api | Cleaned up temporary directory: /tmp/tmpqez0qupj
[DEBUG] 2025-12-23 13:32:46,201 views | Downloaded and extracted problem_html_content, length: 3972
[INFO] 2025-12-23 13:32:46,201 views | Entered parse_problem_html with content length=3972
[DEBUG] 2025-12-23 13:32:46,202 views | Extracted title=Multiply two nums, legend length=61, input_format length=548, output_format length=124
[INFO] 2025-12-23 13:32:46,202 views | Exiting parse_problem_html
[DEBUG] 2025-12-23 13:32:46,202 views | Parsed html_data: {'title': 'Multiply two nums', 'legend': '<p>Given two numbers multiply them and return the answer.</p>', 'input_format': '<p>The first line will contain the number of test cases <span class="tex-font-style-bf"><span class="tex-font-style-it">t</span></span>: 1 &lt;= t &lt;= 10. The next t lines will contain two integers <span class="tex-font-style-bf"><span class="tex-font-style-it">n</span></span> and <span class="tex-font-style-bf"><span class="tex-font-style-it">m</span></span>: 0 &lt;= <span class="tex-font-style-bf"><span class="tex-font-style-it">n</span></span>,<span class="tex-font-style-bf"><span class="tex-font-style-it">m</span></span> &lt;= 1000.</p>', 'output_format': '<p>Print t lines — one line for each test case. For each test case, print a single integer — product of the two numbers.</p>', 'notes': ''}
[INFO] 2025-12-23 13:32:46,203 polygon_api | Retrieved 13 test cases from Redis for polygon_id 497346
[INFO] 2025-12-23 13:32:46,203 views | Retrieved test cases from Redis for test case migration to DB (saved Polygon API call)
[DEBUG] 2025-12-23 13:32:46,580 views | checker_type=checker.cpp
[INFO] 2025-12-23 13:32:46,581 polygon_api | Fetching custom checker info for problem 497346
[DEBUG] 2025-12-23 13:32:46,834 polygon_api | Raw checker info: checker.cpp
[INFO] 2025-12-23 13:32:46,835 polygon_api | Custom checker detected: {'name': 'checker.cpp', 'type': 'custom'}
[INFO] 2025-12-23 13:32:46,835 polygon_api | Fetching test cases for 497346, testset
[DEBUG] 2025-12-23 13:32:47,109 views | test_case_count=13
[INFO] 2025-12-23 13:32:47,110 views | Exiting index view
[INFO] 2025-12-23 15:04:49,441 views | Entered index view with method=GET
[INFO] 2025-12-23 15:04:49,442 views | Exiting index view
[INFO] 2025-12-23 15:04:52,756 views | Entered index view with method=POST
[DEBUG] 2025-12-23 15:04:52,757 views | POST data: polygon_id=497346, migrate_to_azure=None, migrate_to_db=None, migrate_test_cases_to_db=None, difficulty=, selected_tags=[], new_tag=
[DEBUG] 2025-12-23 15:04:52,758 views | All POST data: {'csrfmiddlewaretoken': ['okzpAgDPz06vvRBIk4WIfRUci2Qu3A67mD0xMMcVNI0BIvNMxJX2RDAMsMCkZQ8m'], 'problem_id': ['497346']}
[INFO] 2025-12-23 15:04:52,758 views | Processing polygon_id=497346
[DEBUG] 2025-12-23 15:04:52,760 views | db_problem=Multiply two nums
[DEBUG] 2025-12-23 15:04:54,437 views | Updated working copy: None
[DEBUG] 2025-12-23 15:04:55,743 views | Fetched solutions: [{'name': 'solution.cpp', 'modificationTimeSeconds': 1766401304, 'length': 273, 'tag': 'MA', 'sourceType': 'cpp.g++14'}]
[INFO] 2025-12-23 15:04:56,660 polygon_api | Fetching problem info for 497346
[INFO] 2025-12-23 15:04:57,403 polygon_api | Polygon problem.info response: {'timeLimit': 1000, 'inputFile': 'stdin', 'outputFile': 'stdout', 'interactive': False, 'memoryLimit': 256}
[DEBUG] 2025-12-23 15:04:57,403 views | Polygon problem info: {'timeLimit': 1000, 'inputFile': 'stdin', 'outputFile': 'stdout', 'interactive': False, 'memoryLimit': 256}
[INFO] 2025-12-23 15:04:57,403 polygon_api | Downloading package for problem 497346
[INFO] 2025-12-23 15:04:57,403 polygon_api | Fetching problem info for 497346
[INFO] 2025-12-23 15:04:58,075 polygon_api | Polygon problem.info response: {'timeLimit': 1000, 'inputFile': 'stdin', 'outputFile': 'stdout', 'interactive': False, 'memoryLimit': 256}
[INFO] 2025-12-23 15:05:00,769 polygon_api | Successfully read problem.html content, length: 3972 characters
[DEBUG] 2025-12-23 15:05:00,771 polygon_api | Cleaned up temporary directory: /tmp/tmp6370qpbm
[DEBUG] 2025-12-23 15:05:00,772 views | Downloaded and extracted problem_html_content, length: 3972
[INFO] 2025-12-23 15:05:00,772 views | Entered parse_problem_html with content length=3972
[DEBUG] 2025-12-23 15:05:00,773 views | Extracted title=Multiply two nums, legend length=61, input_format length=548, output_format length=124
[INFO] 2025-12-23 15:05:00,773 views | Exiting parse_problem_html
[DEBUG] 2025-12-23 15:05:00,773 views | Parsed html_data: {'title': 'Multiply two nums', 'legend': '<p>Given two numbers multiply them and return the answer.</p>', 'input_format': '<p>The first line will contain the number of test cases <span class="tex-font-style-bf"><span class="tex-font-style-it">t</span></span>: 1 &lt;= t &lt;= 10. The next t lines will contain two integers <span class="tex-font-style-bf"><span class="tex-font-style-it">n</span></span> and <span class="tex-font-style-bf"><span class="tex-font-style-it">m</span></span>: 0 &lt;= <span class="tex-font-style-bf"><span class="tex-font-style-it">n</span></span>,<span class="tex-font-style-bf"><span class="tex-font-style-it">m</span></span> &lt;= 1000.</p>', 'output_format': '<p>Print t lines — one line for each test case. For each test case, print a single integer — product of the two numbers.</p>', 'notes': ''}
[INFO] 2025-12-23 15:05:00,773 polygon_api | Fetching all test cases for 497346, testset
[INFO] 2025-12-23 15:05:01,035 polygon_api | Found 13 test cases to process
[INFO] 2025-12-23 15:05:01,035 polygon_api | Processing test case 1/13 (index: 1)
[DEBUG] 2025-12-23 15:05:01,035 polygon_api | Fetching input for test case 1
[DEBUG] 2025-12-23 15:05:01,436 polygon_api | Fetching output for test case 1
[INFO] 2025-12-23 15:05:01,849 polygon_api | Successfully fetched test case 1 - Input length: 8, Output length: 3
[INFO] 2025-12-23 15:05:01,849 polygon_api | Processing test case 2/13 (index: 2)
[DEBUG] 2025-12-23 15:05:01,849 polygon_api | Fetching input for test case 2
[DEBUG] 2025-12-23 15:05:02,156 polygon_api | Fetching output for test case 2
[INFO] 2025-12-23 15:05:02,673 polygon_api | Successfully fetched test case 2 - Input length: 20, Output length: 11
[INFO] 2025-12-23 15:05:02,673 polygon_api | Processing test case 3/13 (index: 3)
[DEBUG] 2025-12-23 15:05:02,673 polygon_api | Fetching input for test case 3
[DEBUG] 2025-12-23 15:05:03,284 polygon_api | Fetching output for test case 3
[INFO] 2025-12-23 15:05:03,681 polygon_api | Successfully fetched test case 3 - Input length: 38, Output length: 26
[INFO] 2025-12-23 15:05:03,681 polygon_api | Processing test case 4/13 (index: 4)
[DEBUG] 2025-12-23 15:05:03,681 polygon_api | Fetching input for test case 4
[DEBUG] 2025-12-23 15:05:05,032 polygon_api | Fetching output for test case 4
[INFO] 2025-12-23 15:05:05,928 polygon_api | Successfully fetched test case 4 - Input length: 73, Output length: 48
[INFO] 2025-12-23 15:05:05,928 polygon_api | Processing test case 5/13 (index: 5)
[DEBUG] 2025-12-23 15:05:05,928 polygon_api | Fetching input for test case 5
[DEBUG] 2025-12-23 15:05:06,840 polygon_api | Fetching output for test case 5
[INFO] 2025-12-23 15:05:07,783 polygon_api | Successfully fetched test case 5 - Input length: 52, Output length: 34
[INFO] 2025-12-23 15:05:07,783 polygon_api | Processing test case 6/13 (index: 6)
[DEBUG] 2025-12-23 15:05:07,784 polygon_api | Fetching input for test case 6
[DEBUG] 2025-12-23 15:05:08,743 polygon_api | Fetching output for test case 6
[INFO] 2025-12-23 15:05:09,770 polygon_api | Successfully fetched test case 6 - Input length: 76, Output length: 60
[INFO] 2025-12-23 15:05:09,770 polygon_api | Processing test case 7/13 (index: 7)
[DEBUG] 2025-12-23 15:05:09,770 polygon_api | Fetching input for test case 7
[DEBUG] 2025-12-23 15:05:10,351 polygon_api | Fetching output for test case 7
[INFO] 2025-12-23 15:05:10,795 polygon_api | Successfully fetched test case 7 - Input length: 51, Output length: 33
[INFO] 2025-12-23 15:05:10,795 polygon_api | Processing test case 8/13 (index: 8)
[DEBUG] 2025-12-23 15:05:10,795 polygon_api | Fetching input for test case 8
[DEBUG] 2025-12-23 15:05:11,415 polygon_api | Fetching output for test case 8
[INFO] 2025-12-23 15:05:11,988 polygon_api | Successfully fetched test case 8 - Input length: 20, Output length: 14
[INFO] 2025-12-23 15:05:11,988 polygon_api | Processing test case 9/13 (index: 9)
[DEBUG] 2025-12-23 15:05:11,988 polygon_api | Fetching input for test case 9
[DEBUG] 2025-12-23 15:05:12,290 polygon_api | Fetching output for test case 9
[INFO] 2025-12-23 15:05:12,910 polygon_api | Successfully fetched test case 9 - Input length: 45, Output length: 34
[INFO] 2025-12-23 15:05:12,911 polygon_api | Processing test case 10/13 (index: 10)
[DEBUG] 2025-12-23 15:05:12,911 polygon_api | Fetching input for test case 10
[DEBUG] 2025-12-23 15:05:13,728 polygon_api | Fetching output for test case 10
[INFO] 2025-12-23 15:05:14,547 polygon_api | Successfully fetched test case 10 - Input length: 35, Output length: 18
[INFO] 2025-12-23 15:05:14,548 polygon_api | Processing test case 11/13 (index: 11)
[DEBUG] 2025-12-23 15:05:14,548 polygon_api | Fetching input for test case 11
[DEBUG] 2025-12-23 15:05:15,415 polygon_api | Fetching output for test case 11
[INFO] 2025-12-23 15:05:16,494 polygon_api | Successfully fetched test case 11 - Input length: 56, Output length: 38
[INFO] 2025-12-23 15:05:16,494 polygon_api | Processing test case 12/13 (index: 12)
[DEBUG] 2025-12-23 15:05:16,494 polygon_api | Fetching input for test case 12
[DEBUG] 2025-12-23 15:05:17,136 polygon_api | Fetching output for test case 12
[INFO] 2025-12-23 15:05:17,955 polygon_api | Successfully fetched test case 12 - Input length: 32, Output length: 19
[INFO] 2025-12-23 15:05:17,955 polygon_api | Processing test case 13/13 (index: 13)
[DEBUG] 2025-12-23 15:05:17,955 polygon_api | Fetching input for test case 13
[DEBUG] 2025-12-23 15:05:19,602 polygon_api | Fetching output for test case 13
[INFO] 2025-12-23 15:05:20,296 polygon_api | Successfully fetched test case 13 - Input length: 18, Output length: 11
[INFO] 2025-12-23 15:05:20,296 polygon_api | Completed fetching all 13 test cases for problem 497346
[DEBUG] 2025-12-23 15:05:20,297 views | Fetched all test cases.
[DEBUG] 2025-12-23 15:05:20,297 polygon_api | connecting to redis at address 127.0.0.1:6379 with password: 
[INFO] 2025-12-23 15:05:20,299 polygon_api | Stored 13 test cases in Redis for polygon_id 497346
[DEBUG] 2025-12-23 15:05:20,999 views | checker_type=checker.cpp
[INFO] 2025-12-23 15:05:20,999 polygon_api | Fetching custom checker info for problem 497346
[DEBUG] 2025-12-23 15:05:21,836 polygon_api | Raw checker info: checker.cpp
[INFO] 2025-12-23 15:05:21,836 polygon_api | Custom checker detected: {'name': 'checker.cpp', 'type': 'custom'}
[INFO] 2025-12-23 15:05:21,836 polygon_api | Fetching test cases for 497346, testset
[DEBUG] 2025-12-23 15:05:22,266 views | test_case_count=13
[INFO] 2025-12-23 15:05:22,266 views | Exiting index view
[INFO] 2025-12-23 15:05:32,908 views | Entered index view with method=POST
[DEBUG] 2025-12-23 15:05:32,910 views | POST data: polygon_id=497346, migrate_to_azure=1, migrate_to_db=None, migrate_test_cases_to_db=None, difficulty=, selected_tags=[], new_tag=
[DEBUG] 2025-12-23 15:05:32,910 views | All POST data: {'csrfmiddlewaretoken': ['RFaBsYg0I8zNWSakSUKhCWEzpqqF5zWPPYBJEuP6WQtT9wmo5zLBeIk9zacv1PY4'], 'problem_id': ['497346'], 'migrate_to_azure': ['1']}
[INFO] 2025-12-23 15:05:32,910 views | Processing polygon_id=497346
[DEBUG] 2025-12-23 15:05:32,913 views | db_problem=Multiply two nums
[DEBUG] 2025-12-23 15:05:33,832 views | Updated working copy: None
[DEBUG] 2025-12-23 15:05:34,346 views | Fetched solutions: [{'name': 'solution.cpp', 'modificationTimeSeconds': 1766401304, 'length': 273, 'tag': 'MA', 'sourceType': 'cpp.g++14'}]
[INFO] 2025-12-23 15:05:34,753 views | Azure migration triggered for polygon_id=497346
[INFO] 2025-12-23 15:05:34,756 views | Problem found in DB, proceeding with Azure migration
[INFO] 2025-12-23 15:05:34,756 views | Azure migration params: problem_id=1, container=polygon-migration
[INFO] 2025-12-23 15:05:34,756 polygon_api | pattern oj_dev_with_redis_storage_test_cases_1*
[INFO] 2025-12-23 15:05:34,757 polygon_api | Fetching custom checker info for problem 497346
[DEBUG] 2025-12-23 15:05:35,370 polygon_api | Raw checker info: checker.cpp
[INFO] 2025-12-23 15:05:35,370 polygon_api | Custom checker detected: {'name': 'checker.cpp', 'type': 'custom'}
[INFO] 2025-12-23 15:05:35,370 views | Custom checker detected before Azure migration: {'name': 'checker.cpp', 'type': 'custom'}
[INFO] 2025-12-23 15:05:35,370 views | Calling migrate_to_azure_blob
[INFO] 2025-12-23 15:05:35,467 polygon_api | Starting migrate_to_azure_blob for problem 497346
[INFO] 2025-12-23 15:05:35,468 polygon_api | Retrieved 13 test cases from Redis for polygon_id 497346
[INFO] 2025-12-23 15:05:35,469 polygon_api | Retrieved test cases from Redis for Azure migration (saved Polygon API call)
[INFO] 2025-12-23 15:05:35,469 polygon_api | Retrieved 13 test cases for Azure migration
[INFO] 2025-12-23 15:05:35,469 AzureTestcase | Attempting to authenticate...
[INFO] 2025-12-23 15:05:35,469 AzureTestcase | Authentication successful. BlobServiceClient created.
[INFO] 2025-12-23 15:05:35,469 polygon_api | Using problem_id_for_naming: 1
[INFO] 2025-12-23 15:05:35,469 polygon_api | Deleting existing test cases from Azure
[INFO] 2025-12-23 15:05:39,946 AzureTestcase | Deleting blob: test_cases/1/01
[INFO] 2025-12-23 15:05:40,380 AzureTestcase | Deleting blob: test_cases/1/01.a
[INFO] 2025-12-23 15:05:40,677 AzureTestcase | Deleting blob: test_cases/1/02
[INFO] 2025-12-23 15:05:41,119 AzureTestcase | Deleting blob: test_cases/1/02.a
[INFO] 2025-12-23 15:05:41,496 AzureTestcase | Deleting blob: test_cases/1/03
[INFO] 2025-12-23 15:05:41,801 AzureTestcase | Deleting blob: test_cases/1/03.a
[INFO] 2025-12-23 15:05:42,206 AzureTestcase | Deleting blob: test_cases/1/04
[INFO] 2025-12-23 15:05:42,532 AzureTestcase | Deleting blob: test_cases/1/04.a
[INFO] 2025-12-23 15:05:42,949 AzureTestcase | Deleting blob: test_cases/1/05
[INFO] 2025-12-23 15:05:43,321 AzureTestcase | Deleting blob: test_cases/1/05.a
[INFO] 2025-12-23 15:05:43,764 AzureTestcase | Deleting blob: test_cases/1/06
[INFO] 2025-12-23 15:05:44,245 AzureTestcase | Deleting blob: test_cases/1/06.a
[INFO] 2025-12-23 15:05:44,889 AzureTestcase | Deleting blob: test_cases/1/07
[INFO] 2025-12-23 15:05:45,299 AzureTestcase | Deleting blob: test_cases/1/07.a
[INFO] 2025-12-23 15:05:45,712 AzureTestcase | Deleting blob: test_cases/1/08
[INFO] 2025-12-23 15:05:46,106 AzureTestcase | Deleting blob: test_cases/1/08.a
[INFO] 2025-12-23 15:05:46,427 AzureTestcase | Deleting blob: test_cases/1/09
[INFO] 2025-12-23 15:05:46,837 AzureTestcase | Deleting blob: test_cases/1/09.a
[INFO] 2025-12-23 15:05:47,318 AzureTestcase | Deleting blob: test_cases/1/10
[INFO] 2025-12-23 15:05:47,655 AzureTestcase | Deleting blob: test_cases/1/10.a
[INFO] 2025-12-23 15:05:48,443 AzureTestcase | Deleting blob: test_cases/1/11
[INFO] 2025-12-23 15:05:48,791 AzureTestcase | Deleting blob: test_cases/1/11.a
[INFO] 2025-12-23 15:05:49,100 AzureTestcase | Deleting blob: test_cases/1/12
[INFO] 2025-12-23 15:05:49,397 AzureTestcase | Deleting blob: test_cases/1/12.a
[INFO] 2025-12-23 15:05:49,901 AzureTestcase | Deleting blob: test_cases/1/13
[INFO] 2025-12-23 15:05:50,417 AzureTestcase | Deleting blob: test_cases/1/13.a
[INFO] 2025-12-23 15:05:50,942 AzureTestcase | Deleting blob: test_cases/1/custom_checker.cpp
[INFO] 2025-12-23 15:05:51,207 AzureTestcase | Deleted 27 blobs for problem 1 in container polygon-migration.
[INFO] 2025-12-23 15:05:51,841 AzureTestcase | Uploaded input for test #1 to test_cases/1/01
[INFO] 2025-12-23 15:05:52,159 AzureTestcase | Uploaded output for test #1 to test_cases/1/01.a
[INFO] 2025-12-23 15:05:52,574 AzureTestcase | Uploaded input for test #2 to test_cases/1/02
[INFO] 2025-12-23 15:05:52,974 AzureTestcase | Uploaded output for test #2 to test_cases/1/02.a
[INFO] 2025-12-23 15:05:53,389 AzureTestcase | Uploaded input for test #3 to test_cases/1/03
[INFO] 2025-12-23 15:05:53,950 AzureTestcase | Uploaded output for test #3 to test_cases/1/03.a
[INFO] 2025-12-23 15:05:54,505 AzureTestcase | Uploaded input for test #4 to test_cases/1/04
[INFO] 2025-12-23 15:05:54,817 AzureTestcase | Uploaded output for test #4 to test_cases/1/04.a
[INFO] 2025-12-23 15:05:55,332 AzureTestcase | Uploaded input for test #5 to test_cases/1/05
[INFO] 2025-12-23 15:05:55,750 AzureTestcase | Uploaded output for test #5 to test_cases/1/05.a
[INFO] 2025-12-23 15:05:56,153 AzureTestcase | Uploaded input for test #6 to test_cases/1/06
[INFO] 2025-12-23 15:05:56,671 AzureTestcase | Uploaded output for test #6 to test_cases/1/06.a
[INFO] 2025-12-23 15:05:57,491 AzureTestcase | Uploaded input for test #7 to test_cases/1/07
[INFO] 2025-12-23 15:05:57,798 AzureTestcase | Uploaded output for test #7 to test_cases/1/07.a
[INFO] 2025-12-23 15:05:58,229 AzureTestcase | Uploaded input for test #8 to test_cases/1/08
[INFO] 2025-12-23 15:05:58,931 AzureTestcase | Uploaded output for test #8 to test_cases/1/08.a
[INFO] 2025-12-23 15:05:59,229 AzureTestcase | Uploaded input for test #9 to test_cases/1/09
[INFO] 2025-12-23 15:05:59,523 AzureTestcase | Uploaded output for test #9 to test_cases/1/09.a
[INFO] 2025-12-23 15:05:59,846 AzureTestcase | Uploaded input for test #10 to test_cases/1/10
[INFO] 2025-12-23 15:06:00,434 AzureTestcase | Uploaded output for test #10 to test_cases/1/10.a
[INFO] 2025-12-23 15:06:00,851 AzureTestcase | Uploaded input for test #11 to test_cases/1/11
[INFO] 2025-12-23 15:06:01,175 AzureTestcase | Uploaded output for test #11 to test_cases/1/11.a
[INFO] 2025-12-23 15:06:01,833 AzureTestcase | Uploaded input for test #12 to test_cases/1/12
[INFO] 2025-12-23 15:06:02,197 AzureTestcase | Uploaded output for test #12 to test_cases/1/12.a
[INFO] 2025-12-23 15:06:02,604 AzureTestcase | Uploaded input for test #13 to test_cases/1/13
[INFO] 2025-12-23 15:06:02,918 AzureTestcase | Uploaded output for test #13 to test_cases/1/13.a
[INFO] 2025-12-23 15:06:02,918 polygon_api | Uploaded 13 test cases to Azure
[INFO] 2025-12-23 15:06:02,918 polygon_api | Starting custom checker processing for problem 497346
[INFO] 2025-12-23 15:06:02,918 polygon_api | Processing custom checker for problem 497346
[INFO] 2025-12-23 15:06:02,918 polygon_api | Fetching custom checker info for problem 497346
[DEBUG] 2025-12-23 15:06:03,637 polygon_api | Raw checker info: checker.cpp
[INFO] 2025-12-23 15:06:03,637 polygon_api | Custom checker detected: {'name': 'checker.cpp', 'type': 'custom'}
[INFO] 2025-12-23 15:06:03,637 polygon_api | Custom checker info retrieved: {'name': 'checker.cpp', 'type': 'custom'}
[INFO] 2025-12-23 15:06:03,637 polygon_api | Fetching custom checker file checker.cpp via API for problem 497346
[INFO] 2025-12-23 15:06:04,050 polygon_api | Successfully fetched custom checker file via API, content length: 632
[INFO] 2025-12-23 15:06:04,050 polygon_api | Custom checker source code fetched successfully, length: 632
[INFO] 2025-12-23 15:06:04,050 polygon_api | Initializing Azure Blob Manager for custom checker upload
[INFO] 2025-12-23 15:06:04,050 AzureTestcase | Attempting to authenticate...
[INFO] 2025-12-23 15:06:04,051 AzureTestcase | Authentication successful. BlobServiceClient created.
[INFO] 2025-12-23 15:06:04,051 polygon_api | Created temporary directory for compilation: /tmp/tmpiv9isim3
[INFO] 2025-12-23 15:06:04,051 polygon_api | Compiling custom checker in /tmp/tmpiv9isim3
[INFO] 2025-12-23 15:06:04,052 polygon_api | Found g++ at: /usr/bin/g++
[INFO] 2025-12-23 15:06:04,052 polygon_api | Source code written to: /tmp/tmpiv9isim3/custom_checker.cpp
[INFO] 2025-12-23 15:06:04,052 polygon_api | Running compilation command: g++ -std=gnu++17 -O2 -I/home/vaik/Polygon-migration-assignment/Polygon-migration-assignment/PolygonMigration/opt/checker_includes/ -o /tmp/tmpiv9isim3/custom_checker /tmp/tmpiv9isim3/custom_checker.cpp
[INFO] 2025-12-23 15:06:07,789 polygon_api | Compilation completed with return code: 0
[INFO] 2025-12-23 15:06:07,789 polygon_api | Custom checker compiled successfully
[INFO] 2025-12-23 15:06:07,789 polygon_api | Custom checker compiled successfully at: /tmp/tmpiv9isim3/custom_checker
[INFO] 2025-12-23 15:06:07,789 polygon_api | Binary file read successfully, size: 314160 bytes
[INFO] 2025-12-23 15:06:07,789 polygon_api | Uploading custom checker to blob: test_cases/1/custom_checker
[INFO] 2025-12-23 15:06:12,608 polygon_api | Successfully uploaded custom checker to test_cases/1/custom_checker
[INFO] 2025-12-23 15:06:12,609 polygon_api | Completed custom checker processing for problem 497346
[INFO] 2025-12-23 15:06:12,609 polygon_api | Completed migrate_to_azure_blob for problem 497346
[INFO] 2025-12-23 15:06:12,609 views | Azure migration completed successfully
[INFO] 2025-12-23 15:06:12,609 polygon_api | Fetching problem info for 497346
[INFO] 2025-12-23 15:06:12,971 polygon_api | Polygon problem.info response: {'timeLimit': 1000, 'inputFile': 'stdin', 'outputFile': 'stdout', 'interactive': False, 'memoryLimit': 256}
[DEBUG] 2025-12-23 15:06:12,971 views | Polygon problem info: {'timeLimit': 1000, 'inputFile': 'stdin', 'outputFile': 'stdout', 'interactive': False, 'memoryLimit': 256}
[INFO] 2025-12-23 15:06:12,971 polygon_api | Downloading package for problem 497346
[INFO] 2025-12-23 15:06:12,972 polygon_api | Fetching problem info for 497346
[INFO] 2025-12-23 15:06:13,374 polygon_api | Polygon problem.info response: {'timeLimit': 1000, 'inputFile': 'stdin', 'outputFile': 'stdout', 'interactive': False, 'memoryLimit': 256}
[INFO] 2025-12-23 15:06:16,049 polygon_api | Successfully read problem.html content, length: 3972 characters
[DEBUG] 2025-12-23 15:06:16,051 polygon_api | Cleaned up temporary directory: /tmp/tmpfmubilpy
[DEBUG] 2025-12-23 15:06:16,052 views | Downloaded and extracted problem_html_content, length: 3972
[INFO] 2025-12-23 15:06:16,052 views | Entered parse_problem_html with content length=3972
[DEBUG] 2025-12-23 15:06:16,052 views | Extracted title=Multiply two nums, legend length=61, input_format length=548, output_format length=124
[INFO] 2025-12-23 15:06:16,052 views | Exiting parse_problem_html
[DEBUG] 2025-12-23 15:06:16,052 views | Parsed html_data: {'title': 'Multiply two nums', 'legend': '<p>Given two numbers multiply them and return the answer.</p>', 'input_format': '<p>The first line will contain the number of test cases <span class="tex-font-style-bf"><span class="tex-font-style-it">t</span></span>: 1 &lt;= t &lt;= 10. The next t lines will contain two integers <span class="tex-font-style-bf"><span class="tex-font-style-it">n</span></span> and <span class="tex-font-style-bf"><span class="tex-font-style-it">m</span></span>: 0 &lt;= <span class="tex-font-style-bf"><span class="tex-font-style-it">n</span></span>,<span class="tex-font-style-bf"><span class="tex-font-style-it">m</span></span> &lt;= 1000.</p>', 'output_format': '<p>Print t lines — one line for each test case. For each test case, print a single integer — product of the two numbers.</p>', 'notes': ''}
[INFO] 2025-12-23 15:06:16,053 polygon_api | Retrieved 13 test cases from Redis for polygon_id 497346
[INFO] 2025-12-23 15:06:16,053 views | Retrieved test cases from Redis for test case migration to DB (saved Polygon API call)
[DEBUG] 2025-12-23 15:06:16,392 views | checker_type=checker.cpp
[INFO] 2025-12-23 15:06:16,393 polygon_api | Fetching custom checker info for problem 497346
[DEBUG] 2025-12-23 15:06:16,666 polygon_api | Raw checker info: checker.cpp
[INFO] 2025-12-23 15:06:16,667 polygon_api | Custom checker detected: {'name': 'checker.cpp', 'type': 'custom'}
[INFO] 2025-12-23 15:06:16,667 polygon_api | Fetching test cases for 497346, testset
[DEBUG] 2025-12-23 15:06:16,938 views | test_case_count=13
[INFO] 2025-12-23 15:06:16,939 views | Exiting index view
[INFO] 2025-12-23 17:50:06,004 views | Entered index view with method=POST
[DEBUG] 2025-12-23 17:50:06,007 views | POST data: polygon_id=497346, migrate_to_azure=None, migrate_to_db=1, migrate_test_cases_to_db=None, difficulty=easy, selected_tags=['math', '< 800'], new_tag=
[DEBUG] 2025-12-23 17:50:06,007 views | All POST data: {'csrfmiddlewaretoken': ['9jybnyRWy7C6tqYHovGFMIYpFyBwfMiy7CZjz4q2MPwcG4aLBaHZouEZPinmb2kN'], 'problem_id': ['497346'], 'migrate_to_db': ['1'], 'difficulty': ['easy'], 'tags': ['math', '< 800']}
[INFO] 2025-12-23 17:50:06,007 views | Processing polygon_id=497346
[DEBUG] 2025-12-23 17:50:06,012 views | db_problem=Multiply two nums
[DEBUG] 2025-12-23 17:50:09,206 views | Updated working copy: None
[DEBUG] 2025-12-23 17:50:13,919 views | Fetched solutions: [{'name': 'solution.cpp', 'modificationTimeSeconds': 1766401304, 'length': 273, 'tag': 'MA', 'sourceType': 'cpp.g++14'}]
[INFO] 2025-12-23 17:50:16,992 polygon_api | Fetching problem info for 497346
[INFO] 2025-12-23 17:50:18,220 polygon_api | Polygon problem.info response: {'timeLimit': 1000, 'inputFile': 'stdin', 'outputFile': 'stdout', 'interactive': False, 'memoryLimit': 256}
[DEBUG] 2025-12-23 17:50:18,221 views | Polygon problem info: {'timeLimit': 1000, 'inputFile': 'stdin', 'outputFile': 'stdout', 'interactive': False, 'memoryLimit': 256}
[INFO] 2025-12-23 17:50:18,221 polygon_api | Downloading package for problem 497346
[INFO] 2025-12-23 17:50:18,221 polygon_api | Fetching problem info for 497346
[INFO] 2025-12-23 17:50:32,967 polygon_api | Polygon problem.info response: {'timeLimit': 1000, 'inputFile': 'stdin', 'outputFile': 'stdout', 'interactive': False, 'memoryLimit': 256}
[INFO] 2025-12-23 17:53:21,826 views | Entered index view with method=POST
[DEBUG] 2025-12-23 17:53:21,828 views | POST data: polygon_id=497346, migrate_to_azure=None, migrate_to_db=1, migrate_test_cases_to_db=None, difficulty=easy, selected_tags=['math', '< 800'], new_tag=
[DEBUG] 2025-12-23 17:53:21,829 views | All POST data: {'csrfmiddlewaretoken': ['9jybnyRWy7C6tqYHovGFMIYpFyBwfMiy7CZjz4q2MPwcG4aLBaHZouEZPinmb2kN'], 'problem_id': ['497346'], 'migrate_to_db': ['1'], 'difficulty': ['easy'], 'tags': ['math', '< 800']}
[INFO] 2025-12-23 17:53:21,829 views | Processing polygon_id=497346
[DEBUG] 2025-12-23 17:53:21,832 views | db_problem=Multiply two nums
[DEBUG] 2025-12-23 17:53:23,263 views | Updated working copy: None
[DEBUG] 2025-12-23 17:53:24,174 views | Fetched solutions: [{'name': 'solution.cpp', 'modificationTimeSeconds': 1766401304, 'length': 273, 'tag': 'MA', 'sourceType': 'cpp.g++14'}]
[INFO] 2025-12-23 17:53:26,539 polygon_api | Fetching problem info for 497346
[INFO] 2025-12-23 17:53:28,893 polygon_api | Polygon problem.info response: {'timeLimit': 1000, 'inputFile': 'stdin', 'outputFile': 'stdout', 'interactive': False, 'memoryLimit': 256}
[DEBUG] 2025-12-23 17:53:28,894 views | Polygon problem info: {'timeLimit': 1000, 'inputFile': 'stdin', 'outputFile': 'stdout', 'interactive': False, 'memoryLimit': 256}
[INFO] 2025-12-23 17:53:28,894 polygon_api | Downloading package for problem 497346
[INFO] 2025-12-23 17:53:28,894 polygon_api | Fetching problem info for 497346
[INFO] 2025-12-23 17:53:29,732 polygon_api | Polygon problem.info response: {'timeLimit': 1000, 'inputFile': 'stdin', 'outputFile': 'stdout', 'interactive': False, 'memoryLimit': 256}
[INFO] 2025-12-23 17:54:05,222 polygon_api | Successfully read problem.html content, length: 3972 characters
[DEBUG] 2025-12-23 17:54:05,226 polygon_api | Cleaned up temporary directory: /tmp/tmp8fr_qtiw
[DEBUG] 2025-12-23 17:54:05,226 views | Downloaded and extracted problem_html_content, length: 3972
[INFO] 2025-12-23 17:54:05,226 views | Entered parse_problem_html with content length=3972
[DEBUG] 2025-12-23 17:54:05,227 views | Extracted title=Multiply two nums, legend length=61, input_format length=548, output_format length=124
[INFO] 2025-12-23 17:54:05,227 views | Exiting parse_problem_html
[DEBUG] 2025-12-23 17:54:05,227 views | Parsed html_data: {'title': 'Multiply two nums', 'legend': '<p>Given two numbers multiply them and return the answer.</p>', 'input_format': '<p>The first line will contain the number of test cases <span class="tex-font-style-bf"><span class="tex-font-style-it">t</span></span>: 1 &lt;= t &lt;= 10. The next t lines will contain two integers <span class="tex-font-style-bf"><span class="tex-font-style-it">n</span></span> and <span class="tex-font-style-bf"><span class="tex-font-style-it">m</span></span>: 0 &lt;= <span class="tex-font-style-bf"><span class="tex-font-style-it">n</span></span>,<span class="tex-font-style-bf"><span class="tex-font-style-it">m</span></span> &lt;= 1000.</p>', 'output_format': '<p>Print t lines — one line for each test case. For each test case, print a single integer — product of the two numbers.</p>', 'notes': ''}
[INFO] 2025-12-23 17:54:05,228 polygon_api | No test cases found in Redis for polygon_id 497346
[WARNING] 2025-12-23 17:54:05,229 views | Test cases not found in Redis, fetching from Polygon
[INFO] 2025-12-23 17:54:05,229 polygon_api | Fetching all test cases for 497346, testset
[INFO] 2025-12-23 17:54:06,933 polygon_api | Found 13 test cases to process
[INFO] 2025-12-23 17:54:06,934 polygon_api | Processing test case 1/13 (index: 1)
[DEBUG] 2025-12-23 17:54:06,934 polygon_api | Fetching input for test case 1
[DEBUG] 2025-12-23 17:54:08,621 polygon_api | Fetching output for test case 1
[INFO] 2025-12-23 17:54:09,858 polygon_api | Successfully fetched test case 1 - Input length: 8, Output length: 3
[INFO] 2025-12-23 17:54:09,858 polygon_api | Processing test case 2/13 (index: 2)
[DEBUG] 2025-12-23 17:54:09,858 polygon_api | Fetching input for test case 2
[DEBUG] 2025-12-23 17:54:24,604 polygon_api | Fetching output for test case 2
[INFO] 2025-12-23 17:54:25,884 polygon_api | Successfully fetched test case 2 - Input length: 20, Output length: 11
[INFO] 2025-12-23 17:54:25,884 polygon_api | Processing test case 3/13 (index: 3)
[DEBUG] 2025-12-23 17:54:25,884 polygon_api | Fetching input for test case 3
[DEBUG] 2025-12-23 17:54:28,903 polygon_api | Fetching output for test case 3
[INFO] 2025-12-23 17:54:29,928 polygon_api | Successfully fetched test case 3 - Input length: 38, Output length: 26
[INFO] 2025-12-23 17:54:29,929 polygon_api | Processing test case 4/13 (index: 4)
[DEBUG] 2025-12-23 17:54:29,929 polygon_api | Fetching input for test case 4
[DEBUG] 2025-12-23 17:54:31,362 polygon_api | Fetching output for test case 4
[INFO] 2025-12-23 17:54:32,194 polygon_api | Successfully fetched test case 4 - Input length: 73, Output length: 48
[INFO] 2025-12-23 17:54:32,194 polygon_api | Processing test case 5/13 (index: 5)
[DEBUG] 2025-12-23 17:54:32,194 polygon_api | Fetching input for test case 5
[DEBUG] 2025-12-23 17:54:33,101 polygon_api | Fetching output for test case 5
[INFO] 2025-12-23 17:54:34,639 polygon_api | Successfully fetched test case 5 - Input length: 52, Output length: 34
[INFO] 2025-12-23 17:54:34,639 polygon_api | Processing test case 6/13 (index: 6)
[DEBUG] 2025-12-23 17:54:34,639 polygon_api | Fetching input for test case 6
[DEBUG] 2025-12-23 17:54:35,458 polygon_api | Fetching output for test case 6
[INFO] 2025-12-23 17:54:36,191 polygon_api | Successfully fetched test case 6 - Input length: 76, Output length: 60
[INFO] 2025-12-23 17:54:36,191 polygon_api | Processing test case 7/13 (index: 7)
[DEBUG] 2025-12-23 17:54:36,191 polygon_api | Fetching input for test case 7
[DEBUG] 2025-12-23 17:54:37,136 polygon_api | Fetching output for test case 7
[INFO] 2025-12-23 17:54:37,688 polygon_api | Successfully fetched test case 7 - Input length: 51, Output length: 33
[INFO] 2025-12-23 17:54:37,688 polygon_api | Processing test case 8/13 (index: 8)
[DEBUG] 2025-12-23 17:54:37,688 polygon_api | Fetching input for test case 8
[DEBUG] 2025-12-23 17:54:38,241 polygon_api | Fetching output for test case 8
[INFO] 2025-12-23 17:54:38,879 polygon_api | Successfully fetched test case 8 - Input length: 20, Output length: 14
[INFO] 2025-12-23 17:54:38,879 polygon_api | Processing test case 9/13 (index: 9)
[DEBUG] 2025-12-23 17:54:38,879 polygon_api | Fetching input for test case 9
[DEBUG] 2025-12-23 17:54:39,762 polygon_api | Fetching output for test case 9
[INFO] 2025-12-23 17:54:40,783 polygon_api | Successfully fetched test case 9 - Input length: 45, Output length: 34
[INFO] 2025-12-23 17:54:40,783 polygon_api | Processing test case 10/13 (index: 10)
[DEBUG] 2025-12-23 17:54:40,783 polygon_api | Fetching input for test case 10
[DEBUG] 2025-12-23 17:54:41,809 polygon_api | Fetching output for test case 10
[INFO] 2025-12-23 17:54:42,966 polygon_api | Successfully fetched test case 10 - Input length: 35, Output length: 18
[INFO] 2025-12-23 17:54:42,966 polygon_api | Processing test case 11/13 (index: 11)
[DEBUG] 2025-12-23 17:54:42,966 polygon_api | Fetching input for test case 11
[DEBUG] 2025-12-23 17:54:43,856 polygon_api | Fetching output for test case 11
[INFO] 2025-12-23 17:54:44,689 polygon_api | Successfully fetched test case 11 - Input length: 56, Output length: 38
[INFO] 2025-12-23 17:54:44,690 polygon_api | Processing test case 12/13 (index: 12)
[DEBUG] 2025-12-23 17:54:44,690 polygon_api | Fetching input for test case 12
[DEBUG] 2025-12-23 17:54:45,699 polygon_api | Fetching output for test case 12
[INFO] 2025-12-23 17:54:46,723 polygon_api | Successfully fetched test case 12 - Input length: 32, Output length: 19
[INFO] 2025-12-23 17:54:46,724 polygon_api | Processing test case 13/13 (index: 13)
[DEBUG] 2025-12-23 17:54:46,724 polygon_api | Fetching input for test case 13
[DEBUG] 2025-12-23 17:54:47,546 polygon_api | Fetching output for test case 13
[INFO] 2025-12-23 17:54:48,566 polygon_api | Successfully fetched test case 13 - Input length: 18, Output length: 11
[INFO] 2025-12-23 17:54:48,566 polygon_api | Completed fetching all 13 test cases for problem 497346
[DEBUG] 2025-12-23 17:54:48,566 polygon_api | connecting to redis at address 127.0.0.1:6379 with password: 
[INFO] 2025-12-23 17:54:48,570 polygon_api | Stored 13 test cases in Redis for polygon_id 497346
[DEBUG] 2025-12-23 17:54:49,590 views | checker_type=checker.cpp
[INFO] 2025-12-23 17:54:49,590 polygon_api | Fetching custom checker info for problem 497346
[DEBUG] 2025-12-23 17:54:50,607 polygon_api | Raw checker info: checker.cpp
[INFO] 2025-12-23 17:54:50,607 polygon_api | Custom checker detected: {'name': 'checker.cpp', 'type': 'custom'}
[INFO] 2025-12-23 17:54:50,607 polygon_api | Fetching test cases for 497346, testset
[DEBUG] 2025-12-23 17:54:51,434 views | test_case_count=13
[INFO] 2025-12-23 17:54:51,434 views | Starting DB migration for polygon_id=497346
[INFO] 2025-12-23 17:54:51,437 views | Updating existing Problem in DB
[INFO] 2025-12-23 17:54:51,439 views | Processing tags for problem
[DEBUG] 2025-12-23 17:54:51,439 views | Selected tags before processing: ['math', '< 800']
[DEBUG] 2025-12-23 17:54:51,439 views | New tag before processing: 
[DEBUG] 2025-12-23 17:54:51,440 views | Cleared existing tags for problem 1
[DEBUG] 2025-12-23 17:54:51,440 views | Processing tag: math
[DEBUG] 2025-12-23 17:54:51,442 views | Added existing tag: math
[DEBUG] 2025-12-23 17:54:51,442 views | Processing tag: < 800
[DEBUG] 2025-12-23 17:54:51,443 views | Added existing tag: < 800
[DEBUG] 2025-12-23 17:54:51,445 views | Final tags after processing: ['math', '< 800']
[INFO] 2025-12-23 17:54:51,448 polygon_api | Retrieved 13 test cases from Redis for polygon_id 497346
[INFO] 2025-12-23 17:54:51,448 views | Retrieved test cases from Redis for test case migration to DB (saved Polygon API call)
[DEBUG] 2025-12-23 17:54:51,448 views | test_cases for DB migration.
[DEBUG] 2025-12-23 17:54:51,448 views | sample_tests: [{'index': 1, 'input': '1\r\n2 3\r\n', 'output': '6\r\n', 'description': '', 'is_sample': True}, {'index': 2, 'input': '3\r\n1 2\r\n0 2\r\n10 11\r\n', 'output': '2\r\n0\r\n110\r\n', 'description': '', 'is_sample': True}, {'index': 3, 'input': '5\r\n2 2\r\n100 100\r\n1000 1000\r\n0 0\r\n4 9\r\n', 'output': '4\r\n10000\r\n1000000\r\n0\r\n36\r\n', 'description': '', 'is_sample': True}]
[DEBUG] 2025-12-23 17:54:51,451 views | Sample test idx=0, input_data=1
2 3, output_data=6
[DEBUG] 2025-12-23 17:54:51,452 views | Sample test idx=1, input_data=3
1 2
0 2
10 11, output_data=2
0
110
[DEBUG] 2025-12-23 17:54:51,453 views | Sample test idx=2, input_data=5
2 2
100 100
1000 1000
0 0
4 9, output_data=4
10000
1000000
0
36
[DEBUG] 2025-12-23 17:54:52,458 views | Fetched solutions: [{'name': 'solution.cpp', 'modificationTimeSeconds': 1766401304, 'length': 273, 'tag': 'MA', 'sourceType': 'cpp.g++14'}]
[INFO] 2025-12-23 17:54:53,284 views | Exiting index view
[INFO] 2025-12-23 18:00:21,773 views | Entered index view with method=POST
[DEBUG] 2025-12-23 18:00:21,776 views | POST data: polygon_id=497346, migrate_to_azure=None, migrate_to_db=None, migrate_test_cases_to_db=1, difficulty=, selected_tags=[], new_tag=
[DEBUG] 2025-12-23 18:00:21,776 views | All POST data: {'csrfmiddlewaretoken': ['IuHWowRjQUgatVck8Uum0VMmMLS9SQtJGN84A2qp4CagGzoolzvGCHsWWvEZO6vY'], 'problem_id': ['497346'], 'migrate_test_cases_to_db': ['1']}
[INFO] 2025-12-23 18:00:21,776 views | Processing polygon_id=497346
[DEBUG] 2025-12-23 18:00:21,780 views | db_problem=Multiply two nums
[DEBUG] 2025-12-23 18:00:28,547 views | Updated working copy: None
[DEBUG] 2025-12-23 18:00:30,185 views | Fetched solutions: [{'name': 'solution.cpp', 'modificationTimeSeconds': 1766401304, 'length': 273, 'tag': 'MA', 'sourceType': 'cpp.g++14'}]
[INFO] 2025-12-23 18:00:31,823 polygon_api | Fetching problem info for 497346
[INFO] 2025-12-23 18:00:32,950 polygon_api | Polygon problem.info response: {'timeLimit': 1000, 'inputFile': 'stdin', 'outputFile': 'stdout', 'interactive': False, 'memoryLimit': 256}
[DEBUG] 2025-12-23 18:00:32,951 views | Polygon problem info: {'timeLimit': 1000, 'inputFile': 'stdin', 'outputFile': 'stdout', 'interactive': False, 'memoryLimit': 256}
[INFO] 2025-12-23 18:00:32,951 polygon_api | Downloading package for problem 497346
[INFO] 2025-12-23 18:00:32,951 polygon_api | Fetching problem info for 497346
[INFO] 2025-12-23 18:00:33,701 polygon_api | Polygon problem.info response: {'timeLimit': 1000, 'inputFile': 'stdin', 'outputFile': 'stdout', 'interactive': False, 'memoryLimit': 256}
[INFO] 2025-12-23 18:01:22,927 polygon_api | Successfully read problem.html content, length: 3972 characters
[DEBUG] 2025-12-23 18:01:22,932 polygon_api | Cleaned up temporary directory: /tmp/tmpusn9kx8r
[DEBUG] 2025-12-23 18:01:22,933 views | Downloaded and extracted problem_html_content, length: 3972
[INFO] 2025-12-23 18:01:22,933 views | Entered parse_problem_html with content length=3972
[DEBUG] 2025-12-23 18:01:22,934 views | Extracted title=Multiply two nums, legend length=61, input_format length=548, output_format length=124
[INFO] 2025-12-23 18:01:22,934 views | Exiting parse_problem_html
[DEBUG] 2025-12-23 18:01:22,934 views | Parsed html_data: {'title': 'Multiply two nums', 'legend': '<p>Given two numbers multiply them and return the answer.</p>', 'input_format': '<p>The first line will contain the number of test cases <span class="tex-font-style-bf"><span class="tex-font-style-it">t</span></span>: 1 &lt;= t &lt;= 10. The next t lines will contain two integers <span class="tex-font-style-bf"><span class="tex-font-style-it">n</span></span> and <span class="tex-font-style-bf"><span class="tex-font-style-it">m</span></span>: 0 &lt;= <span class="tex-font-style-bf"><span class="tex-font-style-it">n</span></span>,<span class="tex-font-style-bf"><span class="tex-font-style-it">m</span></span> &lt;= 1000.</p>', 'output_format': '<p>Print t lines — one line for each test case. For each test case, print a single integer — product of the two numbers.</p>', 'notes': ''}
[INFO] 2025-12-23 18:01:22,936 polygon_api | Retrieved 13 test cases from Redis for polygon_id 497346
[INFO] 2025-12-23 18:01:22,936 views | Retrieved test cases from Redis for test case migration to DB (saved Polygon API call)
[DEBUG] 2025-12-23 18:01:25,271 views | checker_type=checker.cpp
[INFO] 2025-12-23 18:01:25,271 polygon_api | Fetching custom checker info for problem 497346
[DEBUG] 2025-12-23 18:01:28,365 polygon_api | Raw checker info: checker.cpp
[INFO] 2025-12-23 18:01:28,365 polygon_api | Custom checker detected: {'name': 'checker.cpp', 'type': 'custom'}
[INFO] 2025-12-23 18:01:28,366 polygon_api | Fetching test cases for 497346, testset
[DEBUG] 2025-12-23 18:01:31,013 views | test_case_count=13
[INFO] 2025-12-23 18:01:31,018 polygon_api | Retrieved 13 test cases from Redis for polygon_id 497346
[INFO] 2025-12-23 18:01:31,018 views | Retrieved test cases from Redis for test case migration to DB (saved Polygon API call)
[DEBUG] 2025-12-23 18:01:31,018 views | test_cases for DB migration.
[DEBUG] 2025-12-23 18:01:31,021 views | Test case idx=0, input_data=1
2 3, output_data=6, is_sample=True, description=
[DEBUG] 2025-12-23 18:01:31,021 views | Test case idx=0, truncated_input_length=6, truncated_output_length=1
[DEBUG] 2025-12-23 18:01:31,022 views | Test case idx=1, input_data=3
1 2
0 2
10 11, output_data=2
0
110, is_sample=True, description=
[DEBUG] 2025-12-23 18:01:31,022 views | Test case idx=1, truncated_input_length=18, truncated_output_length=9
[DEBUG] 2025-12-23 18:01:31,023 views | Test case idx=2, input_data=5
2 2
100 100
1000 1000
0 0
4 9, output_data=4
10000
1000000
0
36, is_sample=True, description=
[DEBUG] 2025-12-23 18:01:31,023 views | Test case idx=2, truncated_input_length=36, truncated_output_length=24
[DEBUG] 2025-12-23 18:01:31,024 views | Test case idx=3, input_data=10
0 0
1 1
2 3
5 7
10 0
0 999
123 456
999 ..., output_data=0
1
6
35
0
0
56088
999
250000
1000000, is_sample=False, description=
[DEBUG] 2025-12-23 18:01:31,025 views | Test case idx=3, truncated_input_length=71, truncated_output_length=46
[DEBUG] 2025-12-23 18:01:31,026 views | Test case idx=4, input_data=7
12 34
56 78
90 1
1 90
25 25
100 100
999 0, output_data=408
4368
90
90
625
10000
0, is_sample=False, description=
[DEBUG] 2025-12-23 18:01:31,026 views | Test case idx=4, truncated_input_length=50, truncated_output_length=32
[DEBUG] 2025-12-23 18:01:31,027 views | Test case idx=5, input_data=10
1 1000
2 999
3 998
4 997
5 996
6 995
7 9..., output_data=1000
1998
2994
3988
4980
5970
6958
7944
89..., is_sample=False, description=
[DEBUG] 2025-12-23 18:01:31,027 views | Test case idx=5, truncated_input_length=74, truncated_output_length=58
[DEBUG] 2025-12-23 18:01:31,028 views | Test case idx=6, input_data=8
5 0
0 5
15 15
20 3
7 14
9 8
11 11
12 12, output_data=0
0
225
60
98
72
121
144, is_sample=False, description=
[DEBUG] 2025-12-23 18:01:31,029 views | Test case idx=6, truncated_input_length=49, truncated_output_length=31
[DEBUG] 2025-12-23 18:01:31,030 views | Test case idx=7, input_data=2
999 999
1000 1, output_data=998001
1000, is_sample=False, description=
[DEBUG] 2025-12-23 18:01:31,030 views | Test case idx=7, truncated_input_length=18, truncated_output_length=12
[DEBUG] 2025-12-23 18:01:31,031 views | Test case idx=8, input_data=6
13 37
42 58
91 17
64 29
88 11
73 26, output_data=481
2436
1547
1856
968
1898, is_sample=False, description=
[DEBUG] 2025-12-23 18:01:31,032 views | Test case idx=8, truncated_input_length=43, truncated_output_length=32
[DEBUG] 2025-12-23 18:01:31,033 views | Test case idx=9, input_data=4
0 1000
1000 0
1000 1000
0 0, output_data=0
0
1000000
0, is_sample=False, description=
[DEBUG] 2025-12-23 18:01:31,033 views | Test case idx=9, truncated_input_length=33, truncated_output_length=16
[DEBUG] 2025-12-23 18:01:31,035 views | Test case idx=10, input_data=10
1 1
2 2
3 3
4 4
5 5
6 6
7 7
8 8
9 9
1..., output_data=1
4
9
16
25
36
49
64
81
100, is_sample=False, description=
[DEBUG] 2025-12-23 18:01:31,035 views | Test case idx=10, truncated_input_length=54, truncated_output_length=36
[DEBUG] 2025-12-23 18:01:31,036 views | Test case idx=11, input_data=5
0 10
10 0
7 8
9 9
2 100, output_data=0
0
56
81
200, is_sample=False, description=
[DEBUG] 2025-12-23 18:01:31,036 views | Test case idx=11, truncated_input_length=30, truncated_output_length=17
[DEBUG] 2025-12-23 18:01:31,037 views | Test case idx=12, input_data=3
1 2
3 4
5 6, output_data=2
12
30, is_sample=False, description=
[DEBUG] 2025-12-23 18:01:31,038 views | Test case idx=12, truncated_input_length=16, truncated_output_length=9
[INFO] 2025-12-23 18:01:31,041 views | Exiting index view
[INFO] 2025-12-23 18:14:11,180 views | Entered index view with method=POST
[DEBUG] 2025-12-23 18:14:11,182 views | POST data: polygon_id=497346, migrate_to_azure=1, migrate_to_db=None, migrate_test_cases_to_db=None, difficulty=, selected_tags=[], new_tag=
[DEBUG] 2025-12-23 18:14:11,183 views | All POST data: {'csrfmiddlewaretoken': ['LjY8C0J6GWcdcrOez3mY21R843ogcCKMJCpgOwicUE6jp50iMIniENxIeNa68SM1'], 'problem_id': ['497346'], 'migrate_to_azure': ['1']}
[INFO] 2025-12-23 18:14:11,183 views | Processing polygon_id=497346
[DEBUG] 2025-12-23 18:14:11,187 views | db_problem=Multiply two nums
[DEBUG] 2025-12-23 18:14:13,058 views | Updated working copy: None
[DEBUG] 2025-12-23 18:14:14,287 views | Fetched solutions: [{'name': 'solution.cpp', 'modificationTimeSeconds': 1766401304, 'length': 273, 'tag': 'MA', 'sourceType': 'cpp.g++14'}]
[INFO] 2025-12-23 18:14:16,540 views | Azure migration triggered for polygon_id=497346
[INFO] 2025-12-23 18:14:16,544 views | Problem found in DB, proceeding with Azure migration
[INFO] 2025-12-23 18:14:16,544 views | Azure migration params: problem_id=1, container=polygon-migration
[INFO] 2025-12-23 18:14:16,544 polygon_api | pattern oj_dev_with_redis_storage_test_cases_1*
[INFO] 2025-12-23 18:14:16,547 polygon_api | Fetching custom checker info for problem 497346
[INFO] 2025-12-23 18:15:15,019 views | Entered index view with method=POST
[DEBUG] 2025-12-23 18:15:15,021 views | POST data: polygon_id=497346, migrate_to_azure=1, migrate_to_db=None, migrate_test_cases_to_db=None, difficulty=, selected_tags=[], new_tag=
[DEBUG] 2025-12-23 18:15:15,022 views | All POST data: {'csrfmiddlewaretoken': ['LjY8C0J6GWcdcrOez3mY21R843ogcCKMJCpgOwicUE6jp50iMIniENxIeNa68SM1'], 'problem_id': ['497346'], 'migrate_to_azure': ['1']}
[INFO] 2025-12-23 18:15:15,022 views | Processing polygon_id=497346
[DEBUG] 2025-12-23 18:15:15,024 views | db_problem=Multiply two nums
[DEBUG] 2025-12-23 18:15:24,119 views | Updated working copy: None
[DEBUG] 2025-12-23 18:15:27,088 views | Fetched solutions: [{'name': 'solution.cpp', 'modificationTimeSeconds': 1766401304, 'length': 273, 'tag': 'MA', 'sourceType': 'cpp.g++14'}]
[INFO] 2025-12-23 18:15:28,412 views | Azure migration triggered for polygon_id=497346
[INFO] 2025-12-23 18:15:28,414 views | Problem found in DB, proceeding with Azure migration
[INFO] 2025-12-23 18:15:28,414 views | Azure migration params: problem_id=1, container=polygon-migration
[INFO] 2025-12-23 18:15:28,415 polygon_api | pattern oj_dev_with_redis_storage_test_cases_1*
[INFO] 2025-12-23 18:15:28,416 polygon_api | Fetching custom checker info for problem 497346
[DEBUG] 2025-12-23 18:15:32,310 polygon_api | Raw checker info: checker.cpp
[INFO] 2025-12-23 18:15:32,310 polygon_api | Custom checker detected: {'name': 'checker.cpp', 'type': 'custom'}
[INFO] 2025-12-23 18:15:32,311 views | Custom checker detected before Azure migration: {'name': 'checker.cpp', 'type': 'custom'}
[INFO] 2025-12-23 18:15:32,311 views | Calling migrate_to_azure_blob
[INFO] 2025-12-23 18:15:33,060 polygon_api | Starting migrate_to_azure_blob for problem 497346
[INFO] 2025-12-23 18:15:33,063 polygon_api | Retrieved 13 test cases from Redis for polygon_id 497346
[INFO] 2025-12-23 18:15:33,063 polygon_api | Retrieved test cases from Redis for Azure migration (saved Polygon API call)
[INFO] 2025-12-23 18:15:33,063 polygon_api | Retrieved 13 test cases for Azure migration
[INFO] 2025-12-23 18:15:33,063 AzureTestcase | Attempting to authenticate...
[INFO] 2025-12-23 18:15:33,064 AzureTestcase | Authentication successful. BlobServiceClient created.
[INFO] 2025-12-23 18:15:33,064 polygon_api | Using problem_id_for_naming: 1
[INFO] 2025-12-23 18:15:33,064 polygon_api | Deleting existing test cases from Azure
[INFO] 2025-12-23 18:15:35,297 AzureTestcase | Deleting blob: test_cases/1/01
[INFO] 2025-12-23 18:15:35,539 AzureTestcase | Deleting blob: test_cases/1/01.a
[INFO] 2025-12-23 18:15:35,794 AzureTestcase | Deleting blob: test_cases/1/02
[INFO] 2025-12-23 18:15:36,049 AzureTestcase | Deleting blob: test_cases/1/02.a
[INFO] 2025-12-23 18:15:36,310 AzureTestcase | Deleting blob: test_cases/1/03
[INFO] 2025-12-23 18:15:36,559 AzureTestcase | Deleting blob: test_cases/1/03.a
[INFO] 2025-12-23 18:15:36,805 AzureTestcase | Deleting blob: test_cases/1/04
[INFO] 2025-12-23 18:15:37,105 AzureTestcase | Deleting blob: test_cases/1/04.a
[INFO] 2025-12-23 18:15:37,426 AzureTestcase | Deleting blob: test_cases/1/05
[INFO] 2025-12-23 18:15:37,694 AzureTestcase | Deleting blob: test_cases/1/05.a
[INFO] 2025-12-23 18:15:37,941 AzureTestcase | Deleting blob: test_cases/1/06
[INFO] 2025-12-23 18:15:38,225 AzureTestcase | Deleting blob: test_cases/1/06.a
[INFO] 2025-12-23 18:15:38,469 AzureTestcase | Deleting blob: test_cases/1/07
[INFO] 2025-12-23 18:15:38,719 AzureTestcase | Deleting blob: test_cases/1/07.a
[INFO] 2025-12-23 18:15:39,069 AzureTestcase | Deleting blob: test_cases/1/08
[INFO] 2025-12-23 18:15:39,477 AzureTestcase | Deleting blob: test_cases/1/08.a
[INFO] 2025-12-23 18:15:39,880 AzureTestcase | Deleting blob: test_cases/1/09
[INFO] 2025-12-23 18:15:40,290 AzureTestcase | Deleting blob: test_cases/1/09.a
[INFO] 2025-12-23 18:15:40,699 AzureTestcase | Deleting blob: test_cases/1/10
[INFO] 2025-12-23 18:15:41,005 AzureTestcase | Deleting blob: test_cases/1/10.a
[INFO] 2025-12-23 18:15:41,313 AzureTestcase | Deleting blob: test_cases/1/11
[INFO] 2025-12-23 18:15:41,723 AzureTestcase | Deleting blob: test_cases/1/11.a
[INFO] 2025-12-23 18:15:42,139 AzureTestcase | Deleting blob: test_cases/1/12
[INFO] 2025-12-23 18:15:42,549 AzureTestcase | Deleting blob: test_cases/1/12.a
[INFO] 2025-12-23 18:15:42,936 AzureTestcase | Deleting blob: test_cases/1/13
[INFO] 2025-12-23 18:15:43,368 AzureTestcase | Deleting blob: test_cases/1/13.a
[INFO] 2025-12-23 18:15:43,778 AzureTestcase | Deleting blob: test_cases/1/custom_checker
[INFO] 2025-12-23 18:15:44,018 AzureTestcase | Deleted 27 blobs for problem 1 in container polygon-migration.
[INFO] 2025-12-23 18:15:44,386 AzureTestcase | Uploaded input for test #1 to test_cases/1/01
[INFO] 2025-12-23 18:15:44,801 AzureTestcase | Uploaded output for test #1 to test_cases/1/01.a
[INFO] 2025-12-23 18:15:45,211 AzureTestcase | Uploaded input for test #2 to test_cases/1/02
[INFO] 2025-12-23 18:15:45,621 AzureTestcase | Uploaded output for test #2 to test_cases/1/02.a
[INFO] 2025-12-23 18:15:46,023 AzureTestcase | Uploaded input for test #3 to test_cases/1/03
[INFO] 2025-12-23 18:15:46,440 AzureTestcase | Uploaded output for test #3 to test_cases/1/03.a
[INFO] 2025-12-23 18:15:46,843 AzureTestcase | Uploaded input for test #4 to test_cases/1/04
[INFO] 2025-12-23 18:15:47,252 AzureTestcase | Uploaded output for test #4 to test_cases/1/04.a
[INFO] 2025-12-23 18:15:47,662 AzureTestcase | Uploaded input for test #5 to test_cases/1/05
[INFO] 2025-12-23 18:15:47,910 AzureTestcase | Uploaded output for test #5 to test_cases/1/05.a
[INFO] 2025-12-23 18:15:48,283 AzureTestcase | Uploaded input for test #6 to test_cases/1/06
[INFO] 2025-12-23 18:15:48,693 AzureTestcase | Uploaded output for test #6 to test_cases/1/06.a
[INFO] 2025-12-23 18:15:48,969 AzureTestcase | Uploaded input for test #7 to test_cases/1/07
[INFO] 2025-12-23 18:15:49,220 AzureTestcase | Uploaded output for test #7 to test_cases/1/07.a
[INFO] 2025-12-23 18:15:49,481 AzureTestcase | Uploaded input for test #8 to test_cases/1/08
[INFO] 2025-12-23 18:15:49,740 AzureTestcase | Uploaded output for test #8 to test_cases/1/08.a
[INFO] 2025-12-23 18:15:50,065 AzureTestcase | Uploaded input for test #9 to test_cases/1/09
[INFO] 2025-12-23 18:15:50,324 AzureTestcase | Uploaded output for test #9 to test_cases/1/09.a
[INFO] 2025-12-23 18:15:50,565 AzureTestcase | Uploaded input for test #10 to test_cases/1/10
[INFO] 2025-12-23 18:15:50,809 AzureTestcase | Uploaded output for test #10 to test_cases/1/10.a
[INFO] 2025-12-23 18:15:51,059 AzureTestcase | Uploaded input for test #11 to test_cases/1/11
[INFO] 2025-12-23 18:15:51,299 AzureTestcase | Uploaded output for test #11 to test_cases/1/11.a
[INFO] 2025-12-23 18:15:51,559 AzureTestcase | Uploaded input for test #12 to test_cases/1/12
[INFO] 2025-12-23 18:15:51,825 AzureTestcase | Uploaded output for test #12 to test_cases/1/12.a
[INFO] 2025-12-23 18:15:52,080 AzureTestcase | Uploaded input for test #13 to test_cases/1/13
[INFO] 2025-12-23 18:15:52,345 AzureTestcase | Uploaded output for test #13 to test_cases/1/13.a
[INFO] 2025-12-23 18:15:52,345 polygon_api | Uploaded 13 test cases to Azure
[INFO] 2025-12-23 18:15:52,345 polygon_api | Starting custom checker processing for problem 497346
[INFO] 2025-12-23 18:15:52,345 polygon_api | Processing custom checker for problem 497346
[INFO] 2025-12-23 18:15:52,345 polygon_api | Fetching custom checker info for problem 497346
[DEBUG] 2025-12-23 18:15:53,396 polygon_api | Raw checker info: checker.cpp
[INFO] 2025-12-23 18:15:53,396 polygon_api | Custom checker detected: {'name': 'checker.cpp', 'type': 'custom'}
[INFO] 2025-12-23 18:15:53,396 polygon_api | Custom checker info retrieved: {'name': 'checker.cpp', 'type': 'custom'}
[INFO] 2025-12-23 18:15:53,397 polygon_api | Fetching custom checker file checker.cpp via API for problem 497346
[INFO] 2025-12-23 18:15:54,282 polygon_api | Successfully fetched custom checker file via API, content length: 632
[INFO] 2025-12-23 18:15:54,283 polygon_api | Custom checker source code fetched successfully, length: 632
[INFO] 2025-12-23 18:15:54,283 polygon_api | Initializing Azure Blob Manager for custom checker upload
[INFO] 2025-12-23 18:15:54,283 AzureTestcase | Attempting to authenticate...
[INFO] 2025-12-23 18:15:54,283 AzureTestcase | Authentication successful. BlobServiceClient created.
[INFO] 2025-12-23 18:15:54,284 polygon_api | Created temporary directory for compilation: /tmp/tmpo_vwhukk
[INFO] 2025-12-23 18:15:54,284 polygon_api | Compiling custom checker in /tmp/tmpo_vwhukk
[INFO] 2025-12-23 18:15:54,284 polygon_api | Found g++ at: /usr/bin/g++
[INFO] 2025-12-23 18:15:54,284 polygon_api | Source code written to: /tmp/tmpo_vwhukk/custom_checker.cpp
[INFO] 2025-12-23 18:15:54,284 polygon_api | Running compilation command: g++ -std=gnu++17 -O2 -I/home/vaik/Polygon-migration-assignment/Polygon-migration-assignment/PolygonMigration/opt/checker_includes/ -o /tmp/tmpo_vwhukk/custom_checker /tmp/tmpo_vwhukk/custom_checker.cpp
[INFO] 2025-12-23 18:16:00,591 polygon_api | Compilation completed with return code: 0
[INFO] 2025-12-23 18:16:00,591 polygon_api | Custom checker compiled successfully
[INFO] 2025-12-23 18:16:00,591 polygon_api | Custom checker compiled successfully at: /tmp/tmpo_vwhukk/custom_checker
[INFO] 2025-12-23 18:16:00,591 polygon_api | Binary file read successfully, size: 314160 bytes
[INFO] 2025-12-23 18:16:00,591 polygon_api | Uploading custom checker to blob: test_cases/1/custom_checker
[INFO] 2025-12-23 18:16:05,043 polygon_api | Successfully uploaded custom checker to test_cases/1/custom_checker
[INFO] 2025-12-23 18:16:05,044 polygon_api | Completed custom checker processing for problem 497346
[INFO] 2025-12-23 18:16:05,045 polygon_api | Completed migrate_to_azure_blob for problem 497346
[INFO] 2025-12-23 18:16:05,045 views | Azure migration completed successfully
[INFO] 2025-12-23 18:16:05,045 polygon_api | Fetching problem info for 497346
[INFO] 2025-12-23 18:16:07,328 polygon_api | Polygon problem.info response: {'timeLimit': 1000, 'inputFile': 'stdin', 'outputFile': 'stdout', 'interactive': False, 'memoryLimit': 256}
[DEBUG] 2025-12-23 18:16:07,328 views | Polygon problem info: {'timeLimit': 1000, 'inputFile': 'stdin', 'outputFile': 'stdout', 'interactive': False, 'memoryLimit': 256}
[INFO] 2025-12-23 18:16:07,329 polygon_api | Downloading package for problem 497346
[INFO] 2025-12-23 18:16:07,329 polygon_api | Fetching problem info for 497346
[INFO] 2025-12-23 18:16:08,147 polygon_api | Polygon problem.info response: {'timeLimit': 1000, 'inputFile': 'stdin', 'outputFile': 'stdout', 'interactive': False, 'memoryLimit': 256}
[INFO] 2025-12-23 18:16:20,449 polygon_api | Successfully read problem.html content, length: 3972 characters
[DEBUG] 2025-12-23 18:16:20,453 polygon_api | Cleaned up temporary directory: /tmp/tmpfr01wodm
[DEBUG] 2025-12-23 18:16:20,454 views | Downloaded and extracted problem_html_content, length: 3972
[INFO] 2025-12-23 18:16:20,454 views | Entered parse_problem_html with content length=3972
[DEBUG] 2025-12-23 18:16:20,455 views | Extracted title=Multiply two nums, legend length=61, input_format length=548, output_format length=124
[INFO] 2025-12-23 18:16:20,456 views | Exiting parse_problem_html
[DEBUG] 2025-12-23 18:16:20,456 views | Parsed html_data: {'title': 'Multiply two nums', 'legend': '<p>Given two numbers multiply them and return the answer.</p>', 'input_format': '<p>The first line will contain the number of test cases <span class="tex-font-style-bf"><span class="tex-font-style-it">t</span></span>: 1 &lt;= t &lt;= 10. The next t lines will contain two integers <span class="tex-font-style-bf"><span class="tex-font-style-it">n</span></span> and <span class="tex-font-style-bf"><span class="tex-font-style-it">m</span></span>: 0 &lt;= <span class="tex-font-style-bf"><span class="tex-font-style-it">n</span></span>,<span class="tex-font-style-bf"><span class="tex-font-style-it">m</span></span> &lt;= 1000.</p>', 'output_format': '<p>Print t lines — one line for each test case. For each test case, print a single integer — product of the two numbers.</p>', 'notes': ''}
[INFO] 2025-12-23 18:16:20,457 polygon_api | Retrieved 13 test cases from Redis for polygon_id 497346
[INFO] 2025-12-23 18:16:20,457 views | Retrieved test cases from Redis for test case migration to DB (saved Polygon API call)
[DEBUG] 2025-12-23 18:16:21,749 views | checker_type=checker.cpp
[INFO] 2025-12-23 18:16:21,749 polygon_api | Fetching custom checker info for problem 497346
[DEBUG] 2025-12-23 18:16:23,097 polygon_api | Raw checker info: checker.cpp
[INFO] 2025-12-23 18:16:23,097 polygon_api | Custom checker detected: {'name': 'checker.cpp', 'type': 'custom'}
[INFO] 2025-12-23 18:16:23,097 polygon_api | Fetching test cases for 497346, testset
[DEBUG] 2025-12-23 18:16:23,952 views | test_case_count=13
[INFO] 2025-12-23 18:16:23,953 views | Exiting index view
[INFO] 2025-12-23 20:22:12,329 views | Entered index view with method=POST
[DEBUG] 2025-12-23 20:22:12,333 views | POST data: polygon_id=497346, migrate_to_azure=None, migrate_to_db=None, migrate_test_cases_to_db=None, difficulty=, selected_tags=[], new_tag=
[DEBUG] 2025-12-23 20:22:12,334 views | All POST data: {'csrfmiddlewaretoken': ['96HKLe66wrRzgIfVPAAYR2Hqq6Qs6vAq7p8SXKFcK9LFtmrZ2fBitOn0AQCi2LCF'], 'problem_id': ['497346']}
[INFO] 2025-12-23 20:22:12,334 views | Processing polygon_id=497346
[DEBUG] 2025-12-23 20:22:12,338 views | db_problem=Multiply two nums
[DEBUG] 2025-12-23 20:22:19,919 views | Updated working copy: None
[DEBUG] 2025-12-23 20:22:29,556 views | Fetched solutions: [{'name': 'solution.cpp', 'modificationTimeSeconds': 1766401304, 'length': 273, 'tag': 'MA', 'sourceType': 'cpp.g++14'}]
[INFO] 2025-12-23 20:22:38,344 polygon_api | Fetching problem info for 497346
[INFO] 2025-12-23 20:22:47,693 polygon_api | Polygon problem.info response: {'timeLimit': 1000, 'inputFile': 'stdin', 'outputFile': 'stdout', 'interactive': False, 'memoryLimit': 256}
[DEBUG] 2025-12-23 20:22:47,693 views | Polygon problem info: {'timeLimit': 1000, 'inputFile': 'stdin', 'outputFile': 'stdout', 'interactive': False, 'memoryLimit': 256}
[INFO] 2025-12-23 20:22:47,693 polygon_api | Downloading package for problem 497346
[INFO] 2025-12-23 20:22:47,694 polygon_api | Fetching problem info for 497346
[INFO] 2025-12-23 20:22:57,112 polygon_api | Polygon problem.info response: {'timeLimit': 1000, 'inputFile': 'stdin', 'outputFile': 'stdout', 'interactive': False, 'memoryLimit': 256}
[INFO] 2025-12-23 20:23:18,246 polygon_api | Successfully read problem.html content, length: 3972 characters
[DEBUG] 2025-12-23 20:23:18,248 polygon_api | Cleaned up temporary directory: /tmp/tmp19e79ada
[DEBUG] 2025-12-23 20:23:18,249 views | Downloaded and extracted problem_html_content, length: 3972
[INFO] 2025-12-23 20:23:18,249 views | Entered parse_problem_html with content length=3972
[DEBUG] 2025-12-23 20:23:18,249 views | Extracted title=Multiply two nums, legend length=61, input_format length=548, output_format length=124
[INFO] 2025-12-23 20:23:18,249 views | Exiting parse_problem_html
[DEBUG] 2025-12-23 20:23:18,250 views | Parsed html_data: {'title': 'Multiply two nums', 'legend': '<p>Given two numbers multiply them and return the answer.</p>', 'input_format': '<p>The first line will contain the number of test cases <span class="tex-font-style-bf"><span class="tex-font-style-it">t</span></span>: 1 &lt;= t &lt;= 10. The next t lines will contain two integers <span class="tex-font-style-bf"><span class="tex-font-style-it">n</span></span> and <span class="tex-font-style-bf"><span class="tex-font-style-it">m</span></span>: 0 &lt;= <span class="tex-font-style-bf"><span class="tex-font-style-it">n</span></span>,<span class="tex-font-style-bf"><span class="tex-font-style-it">m</span></span> &lt;= 1000.</p>', 'output_format': '<p>Print t lines — one line for each test case. For each test case, print a single integer — product of the two numbers.</p>', 'notes': ''}
[INFO] 2025-12-23 20:23:18,250 polygon_api | Fetching all test cases for 497346, testset
[INFO] 2025-12-23 20:23:27,935 polygon_api | Found 10 test cases to process
[INFO] 2025-12-23 20:23:27,935 polygon_api | Processing test case 1/10 (index: 4)
[DEBUG] 2025-12-23 20:23:27,935 polygon_api | Fetching input for test case 4
[DEBUG] 2025-12-23 20:23:37,151 polygon_api | Fetching output for test case 4
[INFO] 2025-12-23 20:23:46,878 polygon_api | Successfully fetched test case 4 - Input length: 73, Output length: 48
[INFO] 2025-12-23 20:23:46,879 polygon_api | Processing test case 2/10 (index: 5)
[DEBUG] 2025-12-23 20:23:46,879 polygon_api | Fetching input for test case 5
[DEBUG] 2025-12-23 20:23:56,607 polygon_api | Fetching output for test case 5
[INFO] 2025-12-23 20:24:05,735 polygon_api | Successfully fetched test case 5 - Input length: 52, Output length: 34
[INFO] 2025-12-23 20:24:05,736 polygon_api | Processing test case 3/10 (index: 6)
[DEBUG] 2025-12-23 20:24:05,736 polygon_api | Fetching input for test case 6
[DEBUG] 2025-12-23 20:24:15,339 polygon_api | Fetching output for test case 6
[INFO] 2025-12-23 20:24:25,073 polygon_api | Successfully fetched test case 6 - Input length: 76, Output length: 60
[INFO] 2025-12-23 20:24:25,073 polygon_api | Processing test case 4/10 (index: 7)
[DEBUG] 2025-12-23 20:24:25,073 polygon_api | Fetching input for test case 7
[DEBUG] 2025-12-23 20:24:34,898 polygon_api | Fetching output for test case 7
[INFO] 2025-12-23 20:24:44,734 polygon_api | Successfully fetched test case 7 - Input length: 51, Output length: 33
[INFO] 2025-12-23 20:24:44,734 polygon_api | Processing test case 5/10 (index: 8)
[DEBUG] 2025-12-23 20:24:44,734 polygon_api | Fetching input for test case 8
[DEBUG] 2025-12-23 20:24:54,155 polygon_api | Fetching output for test case 8
[INFO] 2025-12-23 20:25:03,064 polygon_api | Successfully fetched test case 8 - Input length: 20, Output length: 14
[INFO] 2025-12-23 20:25:03,064 polygon_api | Processing test case 6/10 (index: 9)
[DEBUG] 2025-12-23 20:25:03,064 polygon_api | Fetching input for test case 9
[DEBUG] 2025-12-23 20:25:12,172 polygon_api | Fetching output for test case 9
[INFO] 2025-12-23 20:25:21,804 polygon_api | Successfully fetched test case 9 - Input length: 45, Output length: 34
[INFO] 2025-12-23 20:25:21,804 polygon_api | Processing test case 7/10 (index: 10)
[DEBUG] 2025-12-23 20:25:21,804 polygon_api | Fetching input for test case 10
[DEBUG] 2025-12-23 20:25:31,428 polygon_api | Fetching output for test case 10
[INFO] 2025-12-23 20:25:40,542 polygon_api | Successfully fetched test case 10 - Input length: 35, Output length: 18
[INFO] 2025-12-23 20:25:40,542 polygon_api | Processing test case 8/10 (index: 11)
[DEBUG] 2025-12-23 20:25:40,542 polygon_api | Fetching input for test case 11
[DEBUG] 2025-12-23 20:25:52,834 polygon_api | Fetching output for test case 11
[INFO] 2025-12-23 20:26:02,658 polygon_api | Successfully fetched test case 11 - Input length: 56, Output length: 38
[INFO] 2025-12-23 20:26:02,658 polygon_api | Processing test case 9/10 (index: 12)
[DEBUG] 2025-12-23 20:26:02,658 polygon_api | Fetching input for test case 12
[DEBUG] 2025-12-23 20:26:11,868 polygon_api | Fetching output for test case 12
[INFO] 2025-12-23 20:26:30,716 polygon_api | Successfully fetched test case 12 - Input length: 32, Output length: 19
[INFO] 2025-12-23 20:26:30,716 polygon_api | Processing test case 10/10 (index: 13)
[DEBUG] 2025-12-23 20:26:30,716 polygon_api | Fetching input for test case 13
[DEBUG] 2025-12-23 20:26:40,035 polygon_api | Fetching output for test case 13
[INFO] 2025-12-23 20:26:49,149 polygon_api | Successfully fetched test case 13 - Input length: 18, Output length: 11
[INFO] 2025-12-23 20:26:49,149 polygon_api | Completed fetching all 10 test cases for problem 497346
[DEBUG] 2025-12-23 20:26:49,149 views | Fetched all test cases.
[DEBUG] 2025-12-23 20:26:49,149 polygon_api | connecting to redis at address 127.0.0.1:6379 with password: 
[INFO] 2025-12-23 20:26:49,152 polygon_api | Stored 10 test cases in Redis for polygon_id 497346
[DEBUG] 2025-12-23 20:26:58,878 views | checker_type=checker.cpp
[INFO] 2025-12-23 20:26:58,878 polygon_api | Fetching custom checker info for problem 497346
[DEBUG] 2025-12-23 20:27:08,086 polygon_api | Raw checker info: checker.cpp
[INFO] 2025-12-23 20:27:08,086 polygon_api | Custom checker detected: {'name': 'checker.cpp', 'type': 'custom'}
[INFO] 2025-12-23 20:27:08,086 polygon_api | Fetching test cases for 497346, testset
[DEBUG] 2025-12-23 20:27:17,312 views | test_case_count=10
[INFO] 2025-12-23 20:27:17,312 views | Exiting index view
[INFO] 2025-12-23 20:37:08,549 views | Entered index view with method=POST
[DEBUG] 2025-12-23 20:37:08,550 views | POST data: polygon_id=497694, migrate_to_azure=None, migrate_to_db=None, migrate_test_cases_to_db=None, difficulty=, selected_tags=[], new_tag=
[DEBUG] 2025-12-23 20:37:08,550 views | All POST data: {'csrfmiddlewaretoken': ['3KpVM9M5U1g8hfgCNrvIQIZA15poSq1e13Q3YFlb8JaeuTsG06w2suFabPbeOG3t'], 'problem_id': ['497694']}
[INFO] 2025-12-23 20:37:08,550 views | Processing polygon_id=497694
[DEBUG] 2025-12-23 20:37:08,551 views | db_problem=None
[INFO] 2025-12-23 20:37:08,551 polygon_api | Fetching problem info for 497694
[INFO] 2025-12-23 20:37:18,317 polygon_api | Polygon problem.info response: {'timeLimit': 1000, 'inputFile': 'stdin', 'outputFile': 'stdout', 'interactive': False, 'memoryLimit': 256}
[DEBUG] 2025-12-23 20:37:18,317 views | Polygon problem info: {'timeLimit': 1000, 'inputFile': 'stdin', 'outputFile': 'stdout', 'interactive': False, 'memoryLimit': 256}
[INFO] 2025-12-23 20:37:18,317 polygon_api | Downloading package for problem 497694
[INFO] 2025-12-23 20:37:18,318 polygon_api | Fetching problem info for 497694
[INFO] 2025-12-23 20:37:27,541 polygon_api | Polygon problem.info response: {'timeLimit': 1000, 'inputFile': 'stdin', 'outputFile': 'stdout', 'interactive': False, 'memoryLimit': 256}
[INFO] 2025-12-23 20:37:48,748 polygon_api | Successfully read problem.html content, length: 1518 characters
[DEBUG] 2025-12-23 20:37:48,751 polygon_api | Cleaned up temporary directory: /tmp/tmpshm5lee7
[DEBUG] 2025-12-23 20:37:48,751 views | Downloaded and extracted problem_html_content, length: 1518
[INFO] 2025-12-23 20:37:48,751 views | Entered parse_problem_html with content length=1518
[DEBUG] 2025-12-23 20:37:48,752 views | Extracted title=Multiply two nums, legend length=24, input_format length=14, output_format length=21
[INFO] 2025-12-23 20:37:48,752 views | Exiting parse_problem_html
[DEBUG] 2025-12-23 20:37:48,752 views | Parsed html_data: {'title': 'Multiply two nums', 'legend': '<p>Multiply two nums</p>', 'input_format': '<p>n and m</p>', 'output_format': '<p>single integer</p>', 'notes': ''}
[INFO] 2025-12-23 20:37:48,752 polygon_api | Fetching all test cases for 497694, testset
[INFO] 2025-12-23 20:37:58,319 polygon_api | Found 15 test cases to process
[INFO] 2025-12-23 20:37:58,319 polygon_api | Processing test case 1/15 (index: 1)
[DEBUG] 2025-12-23 20:37:58,320 polygon_api | Fetching input for test case 1
[DEBUG] 2025-12-23 20:38:08,084 polygon_api | Fetching output for test case 1
[INFO] 2025-12-23 20:38:17,300 polygon_api | Successfully fetched test case 1 - Input length: 8, Output length: 3
[INFO] 2025-12-23 20:38:17,300 polygon_api | Processing test case 2/15 (index: 2)
[DEBUG] 2025-12-23 20:38:17,300 polygon_api | Fetching input for test case 2
[DEBUG] 2025-12-23 20:38:27,233 polygon_api | Fetching output for test case 2
[INFO] 2025-12-23 20:38:35,630 polygon_api | Successfully fetched test case 2 - Input length: 8, Output length: 4
[INFO] 2025-12-23 20:38:35,630 polygon_api | Processing test case 3/15 (index: 3)
[DEBUG] 2025-12-23 20:38:35,630 polygon_api | Fetching input for test case 3
[DEBUG] 2025-12-23 20:38:44,953 polygon_api | Fetching output for test case 3
[INFO] 2025-12-23 20:38:53,959 polygon_api | Successfully fetched test case 3 - Input length: 8, Output length: 4
[INFO] 2025-12-23 20:38:53,959 polygon_api | Processing test case 4/15 (index: 4)
[DEBUG] 2025-12-23 20:38:53,959 polygon_api | Fetching input for test case 4
[DEBUG] 2025-12-23 20:39:03,688 polygon_api | Fetching output for test case 4
[INFO] 2025-12-23 20:39:13,417 polygon_api | Successfully fetched test case 4 - Input length: 8, Output length: 4
[INFO] 2025-12-23 20:39:13,417 polygon_api | Processing test case 5/15 (index: 5)
[DEBUG] 2025-12-23 20:39:13,417 polygon_api | Fetching input for test case 5
[DEBUG] 2025-12-23 20:39:22,632 polygon_api | Fetching output for test case 5
[INFO] 2025-12-23 20:39:32,251 polygon_api | Successfully fetched test case 5 - Input length: 8, Output length: 4
[INFO] 2025-12-23 20:39:32,251 polygon_api | Processing test case 6/15 (index: 6)
[DEBUG] 2025-12-23 20:39:32,251 polygon_api | Fetching input for test case 6
[DEBUG] 2025-12-23 20:39:41,987 polygon_api | Fetching output for test case 6
[INFO] 2025-12-23 20:39:51,203 polygon_api | Successfully fetched test case 6 - Input length: 8, Output length: 4
[INFO] 2025-12-23 20:39:51,203 polygon_api | Processing test case 7/15 (index: 7)
[DEBUG] 2025-12-23 20:39:51,203 polygon_api | Fetching input for test case 7
[DEBUG] 2025-12-23 20:40:00,418 polygon_api | Fetching output for test case 7
[INFO] 2025-12-23 20:40:09,441 polygon_api | Successfully fetched test case 7 - Input length: 8, Output length: 4
[INFO] 2025-12-23 20:40:09,441 polygon_api | Processing test case 8/15 (index: 8)
[DEBUG] 2025-12-23 20:40:09,441 polygon_api | Fetching input for test case 8
[DEBUG] 2025-12-23 20:40:19,055 polygon_api | Fetching output for test case 8
[INFO] 2025-12-23 20:40:28,784 polygon_api | Successfully fetched test case 8 - Input length: 9, Output length: 4
[INFO] 2025-12-23 20:40:28,784 polygon_api | Processing test case 9/15 (index: 9)
[DEBUG] 2025-12-23 20:40:28,784 polygon_api | Fetching input for test case 9
[DEBUG] 2025-12-23 20:40:38,000 polygon_api | Fetching output for test case 9
[INFO] 2025-12-23 20:40:47,120 polygon_api | Successfully fetched test case 9 - Input length: 10, Output length: 5
[INFO] 2025-12-23 20:40:47,120 polygon_api | Processing test case 10/15 (index: 10)
[DEBUG] 2025-12-23 20:40:47,120 polygon_api | Fetching input for test case 10
[DEBUG] 2025-12-23 20:40:56,252 polygon_api | Fetching output for test case 10
[INFO] 2025-12-23 20:41:05,956 polygon_api | Successfully fetched test case 10 - Input length: 10, Output length: 5
[INFO] 2025-12-23 20:41:05,956 polygon_api | Processing test case 11/15 (index: 11)
[DEBUG] 2025-12-23 20:41:05,957 polygon_api | Fetching input for test case 11
[DEBUG] 2025-12-23 20:41:15,684 polygon_api | Fetching output for test case 11
[INFO] 2025-12-23 20:41:25,412 polygon_api | Successfully fetched test case 11 - Input length: 8, Output length: 3
[INFO] 2025-12-23 20:41:25,412 polygon_api | Processing test case 12/15 (index: 12)
[DEBUG] 2025-12-23 20:41:25,412 polygon_api | Fetching input for test case 12
[DEBUG] 2025-12-23 20:41:34,623 polygon_api | Fetching output for test case 12
[INFO] 2025-12-23 20:41:44,048 polygon_api | Successfully fetched test case 12 - Input length: 8, Output length: 3
[INFO] 2025-12-23 20:41:44,048 polygon_api | Processing test case 13/15 (index: 13)
[DEBUG] 2025-12-23 20:41:44,050 polygon_api | Fetching input for test case 13
[DEBUG] 2025-12-23 20:41:53,368 polygon_api | Fetching output for test case 13
[INFO] 2025-12-23 20:42:03,096 polygon_api | Successfully fetched test case 13 - Input length: 8, Output length: 3
[INFO] 2025-12-23 20:42:03,096 polygon_api | Processing test case 14/15 (index: 14)
[DEBUG] 2025-12-23 20:42:03,096 polygon_api | Fetching input for test case 14
[DEBUG] 2025-12-23 20:42:12,311 polygon_api | Fetching output for test case 14
[INFO] 2025-12-23 20:42:21,528 polygon_api | Successfully fetched test case 14 - Input length: 8, Output length: 3
[INFO] 2025-12-23 20:42:21,528 polygon_api | Processing test case 15/15 (index: 15)
[DEBUG] 2025-12-23 20:42:21,529 polygon_api | Fetching input for test case 15
[DEBUG] 2025-12-23 20:42:31,153 polygon_api | Fetching output for test case 15
[INFO] 2025-12-23 20:42:40,605 polygon_api | Successfully fetched test case 15 - Input length: 8, Output length: 3
[INFO] 2025-12-23 20:42:40,605 polygon_api | Completed fetching all 15 test cases for problem 497694
[DEBUG] 2025-12-23 20:42:40,605 views | Fetched all test cases.
[DEBUG] 2025-12-23 20:42:40,605 polygon_api | connecting to redis at address 127.0.0.1:6379 with password: 
[INFO] 2025-12-23 20:42:40,611 polygon_api | Stored 15 test cases in Redis for polygon_id 497694
[DEBUG] 2025-12-23 20:42:49,977 views | checker_type=checker.cpp
[INFO] 2025-12-23 20:42:49,977 polygon_api | Fetching custom checker info for problem 497694
[DEBUG] 2025-12-23 20:42:59,416 polygon_api | Raw checker info: checker.cpp
[INFO] 2025-12-23 20:42:59,416 polygon_api | Custom checker detected: {'name': 'checker.cpp', 'type': 'custom'}
[INFO] 2025-12-23 20:42:59,417 polygon_api | Fetching test cases for 497694, testset
[DEBUG] 2025-12-23 20:43:08,942 views | test_case_count=15
[INFO] 2025-12-23 20:43:08,942 views | Exiting index view
[INFO] 2025-12-23 21:35:29,666 views | Entered index view with method=POST
[DEBUG] 2025-12-23 21:35:29,667 views | POST data: polygon_id=497694, migrate_to_azure=None, migrate_to_db=1, migrate_test_cases_to_db=None, difficulty=easy, selected_tags=[], new_tag=
[DEBUG] 2025-12-23 21:35:29,667 views | All POST data: {'csrfmiddlewaretoken': ['ny1TbwQugc43fIpNkZBh40izE8aWCQdylRs1n2pAuUY9smBRxECBGMY9OSWMy6fN'], 'problem_id': ['497694'], 'migrate_to_db': ['1'], 'difficulty': ['easy']}
[INFO] 2025-12-23 21:35:29,667 views | Processing polygon_id=497694
[DEBUG] 2025-12-23 21:35:29,668 views | db_problem=None
[INFO] 2025-12-23 21:35:29,669 polygon_api | Fetching problem info for 497694
[INFO] 2025-12-23 21:35:37,206 polygon_api | Polygon problem.info response: {'timeLimit': 1000, 'inputFile': 'stdin', 'outputFile': 'stdout', 'interactive': False, 'memoryLimit': 256}
[DEBUG] 2025-12-23 21:35:37,206 views | Polygon problem info: {'timeLimit': 1000, 'inputFile': 'stdin', 'outputFile': 'stdout', 'interactive': False, 'memoryLimit': 256}
[INFO] 2025-12-23 21:35:37,206 polygon_api | Downloading package for problem 497694
[INFO] 2025-12-23 21:35:37,207 polygon_api | Fetching problem info for 497694
[INFO] 2025-12-23 21:35:49,085 polygon_api | Polygon problem.info response: {'timeLimit': 1000, 'inputFile': 'stdin', 'outputFile': 'stdout', 'interactive': False, 'memoryLimit': 256}
[INFO] 2025-12-23 21:36:10,227 polygon_api | Successfully read problem.html content, length: 1518 characters
[DEBUG] 2025-12-23 21:36:10,229 polygon_api | Cleaned up temporary directory: /tmp/tmpq_5j92_c
[DEBUG] 2025-12-23 21:36:10,230 views | Downloaded and extracted problem_html_content, length: 1518
[INFO] 2025-12-23 21:36:10,230 views | Entered parse_problem_html with content length=1518
[DEBUG] 2025-12-23 21:36:10,230 views | Extracted title=Multiply two nums, legend length=24, input_format length=14, output_format length=21
[INFO] 2025-12-23 21:36:10,230 views | Exiting parse_problem_html
[DEBUG] 2025-12-23 21:36:10,230 views | Parsed html_data: {'title': 'Multiply two nums', 'legend': '<p>Multiply two nums</p>', 'input_format': '<p>n and m</p>', 'output_format': '<p>single integer</p>', 'notes': ''}
[INFO] 2025-12-23 21:36:10,231 polygon_api | No test cases found in Redis for polygon_id 497694
[WARNING] 2025-12-23 21:36:10,231 views | Test cases not found in Redis, fetching from Polygon
[INFO] 2025-12-23 21:36:10,231 polygon_api | Fetching all test cases for 497694, testset
[INFO] 2025-12-23 21:36:17,039 polygon_api | Found 15 test cases to process
[INFO] 2025-12-23 21:36:17,040 polygon_api | Processing test case 1/15 (index: 1)
[DEBUG] 2025-12-23 21:36:17,040 polygon_api | Fetching input for test case 1
[DEBUG] 2025-12-23 21:36:26,767 polygon_api | Fetching output for test case 1
[INFO] 2025-12-23 21:36:35,879 polygon_api | Successfully fetched test case 1 - Input length: 8, Output length: 3
[INFO] 2025-12-23 21:36:35,879 polygon_api | Processing test case 2/15 (index: 2)
[DEBUG] 2025-12-23 21:36:35,880 polygon_api | Fetching input for test case 2
[DEBUG] 2025-12-23 21:36:45,507 polygon_api | Fetching output for test case 2
[INFO] 2025-12-23 21:36:55,132 polygon_api | Successfully fetched test case 2 - Input length: 8, Output length: 4
[INFO] 2025-12-23 21:36:55,132 polygon_api | Processing test case 3/15 (index: 3)
[DEBUG] 2025-12-23 21:36:55,132 polygon_api | Fetching input for test case 3
[DEBUG] 2025-12-23 21:37:05,160 polygon_api | Fetching output for test case 3
[INFO] 2025-12-23 21:37:13,972 polygon_api | Successfully fetched test case 3 - Input length: 8, Output length: 4
[INFO] 2025-12-23 21:37:13,972 polygon_api | Processing test case 4/15 (index: 4)
[DEBUG] 2025-12-23 21:37:13,972 polygon_api | Fetching input for test case 4
[DEBUG] 2025-12-23 21:37:23,701 polygon_api | Fetching output for test case 4
[INFO] 2025-12-23 21:37:33,429 polygon_api | Successfully fetched test case 4 - Input length: 8, Output length: 4
[INFO] 2025-12-23 21:37:33,429 polygon_api | Processing test case 5/15 (index: 5)
[DEBUG] 2025-12-23 21:37:33,429 polygon_api | Fetching input for test case 5
[DEBUG] 2025-12-23 21:37:43,157 polygon_api | Fetching output for test case 5
[INFO] 2025-12-23 21:37:52,885 polygon_api | Successfully fetched test case 5 - Input length: 8, Output length: 4
[INFO] 2025-12-23 21:37:52,885 polygon_api | Processing test case 6/15 (index: 6)
[DEBUG] 2025-12-23 21:37:52,885 polygon_api | Fetching input for test case 6
[DEBUG] 2025-12-23 21:38:02,511 polygon_api | Fetching output for test case 6
[INFO] 2025-12-23 21:38:11,624 polygon_api | Successfully fetched test case 6 - Input length: 8, Output length: 4
[INFO] 2025-12-23 21:38:11,624 polygon_api | Processing test case 7/15 (index: 7)
[DEBUG] 2025-12-23 21:38:11,624 polygon_api | Fetching input for test case 7
[DEBUG] 2025-12-23 21:38:21,353 polygon_api | Fetching output for test case 7
[INFO] 2025-12-23 21:38:30,984 polygon_api | Successfully fetched test case 7 - Input length: 8, Output length: 4
[INFO] 2025-12-23 21:38:30,984 polygon_api | Processing test case 8/15 (index: 8)
[DEBUG] 2025-12-23 21:38:30,984 polygon_api | Fetching input for test case 8
[DEBUG] 2025-12-23 21:38:40,706 polygon_api | Fetching output for test case 8
[INFO] 2025-12-23 21:38:50,536 polygon_api | Successfully fetched test case 8 - Input length: 9, Output length: 4
[INFO] 2025-12-23 21:38:50,536 polygon_api | Processing test case 9/15 (index: 9)
[DEBUG] 2025-12-23 21:38:50,536 polygon_api | Fetching input for test case 9
[DEBUG] 2025-12-23 21:38:59,751 polygon_api | Fetching output for test case 9
[INFO] 2025-12-23 21:39:08,950 polygon_api | Successfully fetched test case 9 - Input length: 10, Output length: 5
[INFO] 2025-12-23 21:39:08,950 polygon_api | Processing test case 10/15 (index: 10)
[DEBUG] 2025-12-23 21:39:08,950 polygon_api | Fetching input for test case 10
[DEBUG] 2025-12-23 21:39:18,593 polygon_api | Fetching output for test case 10
[INFO] 2025-12-23 21:39:27,912 polygon_api | Successfully fetched test case 10 - Input length: 10, Output length: 5
[INFO] 2025-12-23 21:39:27,912 polygon_api | Processing test case 11/15 (index: 11)
[DEBUG] 2025-12-23 21:39:27,912 polygon_api | Fetching input for test case 11
[DEBUG] 2025-12-23 21:39:37,639 polygon_api | Fetching output for test case 11
[INFO] 2025-12-23 21:39:47,265 polygon_api | Successfully fetched test case 11 - Input length: 8, Output length: 3
[INFO] 2025-12-23 21:39:47,265 polygon_api | Processing test case 12/15 (index: 12)
[DEBUG] 2025-12-23 21:39:47,265 polygon_api | Fetching input for test case 12
[DEBUG] 2025-12-23 21:39:59,246 polygon_api | Fetching output for test case 12
[INFO] 2025-12-23 21:40:06,414 polygon_api | Successfully fetched test case 12 - Input length: 8, Output length: 3
[INFO] 2025-12-23 21:40:06,414 polygon_api | Processing test case 13/15 (index: 13)
[DEBUG] 2025-12-23 21:40:06,414 polygon_api | Fetching input for test case 13
[DEBUG] 2025-12-23 21:40:15,220 polygon_api | Fetching output for test case 13
[INFO] 2025-12-23 21:40:24,846 polygon_api | Successfully fetched test case 13 - Input length: 8, Output length: 3
[INFO] 2025-12-23 21:40:24,846 polygon_api | Processing test case 14/15 (index: 14)
[DEBUG] 2025-12-23 21:40:24,846 polygon_api | Fetching input for test case 14
[DEBUG] 2025-12-23 21:40:34,479 polygon_api | Fetching output for test case 14
[INFO] 2025-12-23 21:40:43,790 polygon_api | Successfully fetched test case 14 - Input length: 8, Output length: 3
[INFO] 2025-12-23 21:40:43,790 polygon_api | Processing test case 15/15 (index: 15)
[DEBUG] 2025-12-23 21:40:43,790 polygon_api | Fetching input for test case 15
[DEBUG] 2025-12-23 21:40:56,078 polygon_api | Fetching output for test case 15
[INFO] 2025-12-23 21:41:05,294 polygon_api | Successfully fetched test case 15 - Input length: 8, Output length: 3
[INFO] 2025-12-23 21:41:05,294 polygon_api | Completed fetching all 15 test cases for problem 497694
[DEBUG] 2025-12-23 21:41:05,294 polygon_api | connecting to redis at address 127.0.0.1:6379 with password: 
[INFO] 2025-12-23 21:41:05,300 polygon_api | Stored 15 test cases in Redis for polygon_id 497694
[DEBUG] 2025-12-23 21:41:14,965 views | checker_type=checker.cpp
[INFO] 2025-12-23 21:41:14,965 polygon_api | Fetching custom checker info for problem 497694
[DEBUG] 2025-12-23 21:41:24,033 polygon_api | Raw checker info: checker.cpp
[INFO] 2025-12-23 21:41:24,033 polygon_api | Custom checker detected: {'name': 'checker.cpp', 'type': 'custom'}
[INFO] 2025-12-23 21:41:24,033 polygon_api | Fetching test cases for 497694, testset
[DEBUG] 2025-12-23 21:41:33,965 views | test_case_count=15
[INFO] 2025-12-23 21:41:33,966 views | Starting DB migration for polygon_id=497694
[INFO] 2025-12-23 21:41:33,968 views | Creating new Problem in DB
[ERROR] 2025-12-23 21:41:33,972 views | Exception in index view: duplicate key value violates unique constraint "problems_problem_slug_key"
DETAIL:  Key (slug)=(multiply-two-nums) already exists.
Traceback (most recent call last):
  File "/home/vaik/Polygon-migration-assignment/Polygon-migration-assignment/venv/lib/python3.12/site-packages/django/db/backends/utils.py", line 105, in _execute
    return self.cursor.execute(sql, params)
           ^^^^^^^^^^^^^^^^^^^^^^^^^^^^^^^^
psycopg2.errors.UniqueViolation: duplicate key value violates unique constraint "problems_problem_slug_key"
DETAIL:  Key (slug)=(multiply-two-nums) already exists.


The above exception was the direct cause of the following exception:

Traceback (most recent call last):
  File "/home/vaik/Polygon-migration-assignment/Polygon-migration-assignment/PolygonMigration/problems/views.py", line 380, in index
    problem_obj = Problem.objects.create(
                  ^^^^^^^^^^^^^^^^^^^^^^^
  File "/home/vaik/Polygon-migration-assignment/Polygon-migration-assignment/venv/lib/python3.12/site-packages/django/db/models/manager.py", line 87, in manager_method
    return getattr(self.get_queryset(), name)(*args, **kwargs)
           ^^^^^^^^^^^^^^^^^^^^^^^^^^^^^^^^^^^^^^^^^^^^^^^^^^^
  File "/home/vaik/Polygon-migration-assignment/Polygon-migration-assignment/venv/lib/python3.12/site-packages/django/db/models/query.py", line 663, in create
    obj.save(force_insert=True, using=self.db)
  File "/home/vaik/Polygon-migration-assignment/Polygon-migration-assignment/venv/lib/python3.12/site-packages/django/db/models/base.py", line 902, in save
    self.save_base(
  File "/home/vaik/Polygon-migration-assignment/Polygon-migration-assignment/venv/lib/python3.12/site-packages/django/db/models/base.py", line 1008, in save_base
    updated = self._save_table(
              ^^^^^^^^^^^^^^^^^
  File "/home/vaik/Polygon-migration-assignment/Polygon-migration-assignment/venv/lib/python3.12/site-packages/django/db/models/base.py", line 1169, in _save_table
    results = self._do_insert(
              ^^^^^^^^^^^^^^^^
  File "/home/vaik/Polygon-migration-assignment/Polygon-migration-assignment/venv/lib/python3.12/site-packages/django/db/models/base.py", line 1210, in _do_insert
    return manager._insert(
           ^^^^^^^^^^^^^^^^
  File "/home/vaik/Polygon-migration-assignment/Polygon-migration-assignment/venv/lib/python3.12/site-packages/django/db/models/manager.py", line 87, in manager_method
    return getattr(self.get_queryset(), name)(*args, **kwargs)
           ^^^^^^^^^^^^^^^^^^^^^^^^^^^^^^^^^^^^^^^^^^^^^^^^^^^
  File "/home/vaik/Polygon-migration-assignment/Polygon-migration-assignment/venv/lib/python3.12/site-packages/django/db/models/query.py", line 1868, in _insert
    return query.get_compiler(using=using).execute_sql(returning_fields)
           ^^^^^^^^^^^^^^^^^^^^^^^^^^^^^^^^^^^^^^^^^^^^^^^^^^^^^^^^^^^^^
  File "/home/vaik/Polygon-migration-assignment/Polygon-migration-assignment/venv/lib/python3.12/site-packages/django/db/models/sql/compiler.py", line 1882, in execute_sql
    cursor.execute(sql, params)
  File "/home/vaik/Polygon-migration-assignment/Polygon-migration-assignment/venv/lib/python3.12/site-packages/django/db/backends/utils.py", line 122, in execute
    return super().execute(sql, params)
           ^^^^^^^^^^^^^^^^^^^^^^^^^^^^
  File "/home/vaik/Polygon-migration-assignment/Polygon-migration-assignment/venv/lib/python3.12/site-packages/django/db/backends/utils.py", line 79, in execute
    return self._execute_with_wrappers(
           ^^^^^^^^^^^^^^^^^^^^^^^^^^^^
  File "/home/vaik/Polygon-migration-assignment/Polygon-migration-assignment/venv/lib/python3.12/site-packages/django/db/backends/utils.py", line 92, in _execute_with_wrappers
    return executor(sql, params, many, context)
           ^^^^^^^^^^^^^^^^^^^^^^^^^^^^^^^^^^^^
  File "/home/vaik/Polygon-migration-assignment/Polygon-migration-assignment/venv/lib/python3.12/site-packages/django/db/backends/utils.py", line 100, in _execute
    with self.db.wrap_database_errors:
  File "/home/vaik/Polygon-migration-assignment/Polygon-migration-assignment/venv/lib/python3.12/site-packages/django/db/utils.py", line 91, in __exit__
    raise dj_exc_value.with_traceback(traceback) from exc_value
  File "/home/vaik/Polygon-migration-assignment/Polygon-migration-assignment/venv/lib/python3.12/site-packages/django/db/backends/utils.py", line 105, in _execute
    return self.cursor.execute(sql, params)
           ^^^^^^^^^^^^^^^^^^^^^^^^^^^^^^^^
django.db.utils.IntegrityError: duplicate key value violates unique constraint "problems_problem_slug_key"
DETAIL:  Key (slug)=(multiply-two-nums) already exists.

[INFO] 2025-12-23 22:20:07,186 views | Entered index view with method=POST
[DEBUG] 2025-12-23 22:20:07,187 views | POST data: polygon_id=497694, migrate_to_azure=None, migrate_to_db=1, migrate_test_cases_to_db=None, difficulty=easy, selected_tags=[], new_tag=
[DEBUG] 2025-12-23 22:20:07,187 views | All POST data: {'csrfmiddlewaretoken': ['ny1TbwQugc43fIpNkZBh40izE8aWCQdylRs1n2pAuUY9smBRxECBGMY9OSWMy6fN'], 'problem_id': ['497694'], 'migrate_to_db': ['1'], 'difficulty': ['easy']}
[INFO] 2025-12-23 22:20:07,187 views | Processing polygon_id=497694
[DEBUG] 2025-12-23 22:20:07,189 views | db_problem=None
[INFO] 2025-12-23 22:20:07,189 polygon_api | Fetching problem info for 497694
[INFO] 2025-12-23 22:20:17,110 polygon_api | Polygon problem.info response: {'timeLimit': 1000, 'inputFile': 'stdin', 'outputFile': 'stdout', 'interactive': False, 'memoryLimit': 256}
[DEBUG] 2025-12-23 22:20:17,110 views | Polygon problem info: {'timeLimit': 1000, 'inputFile': 'stdin', 'outputFile': 'stdout', 'interactive': False, 'memoryLimit': 256}
[INFO] 2025-12-23 22:20:17,111 polygon_api | Downloading package for problem 497694
[INFO] 2025-12-23 22:20:17,111 polygon_api | Fetching problem info for 497694
[INFO] 2025-12-23 22:20:26,736 polygon_api | Polygon problem.info response: {'timeLimit': 1000, 'inputFile': 'stdin', 'outputFile': 'stdout', 'interactive': False, 'memoryLimit': 256}
[INFO] 2025-12-23 22:20:50,548 polygon_api | Successfully read problem.html content, length: 1518 characters
[DEBUG] 2025-12-23 22:20:50,551 polygon_api | Cleaned up temporary directory: /tmp/tmpar9b2h6c
[DEBUG] 2025-12-23 22:20:50,551 views | Downloaded and extracted problem_html_content, length: 1518
[INFO] 2025-12-23 22:20:50,551 views | Entered parse_problem_html with content length=1518
[DEBUG] 2025-12-23 22:20:50,552 views | Extracted title=Multiply two nums, legend length=24, input_format length=14, output_format length=21
[INFO] 2025-12-23 22:20:50,552 views | Exiting parse_problem_html
[DEBUG] 2025-12-23 22:20:50,552 views | Parsed html_data: {'title': 'Multiply two nums', 'legend': '<p>Multiply two nums</p>', 'input_format': '<p>n and m</p>', 'output_format': '<p>single integer</p>', 'notes': ''}
[INFO] 2025-12-23 22:20:50,552 polygon_api | No test cases found in Redis for polygon_id 497694
[WARNING] 2025-12-23 22:20:50,553 views | Test cases not found in Redis, fetching from Polygon
[INFO] 2025-12-23 22:20:50,553 polygon_api | Fetching all test cases for 497694, testset
[INFO] 2025-12-23 22:20:57,456 polygon_api | Found 15 test cases to process
[INFO] 2025-12-23 22:20:57,456 polygon_api | Processing test case 1/15 (index: 1)
[DEBUG] 2025-12-23 22:20:57,456 polygon_api | Fetching input for test case 1
[DEBUG] 2025-12-23 22:21:07,183 polygon_api | Fetching output for test case 1
[INFO] 2025-12-23 22:21:16,808 polygon_api | Successfully fetched test case 1 - Input length: 8, Output length: 3
[INFO] 2025-12-23 22:21:16,808 polygon_api | Processing test case 2/15 (index: 2)
[DEBUG] 2025-12-23 22:21:16,808 polygon_api | Fetching input for test case 2
[DEBUG] 2025-12-23 22:21:26,434 polygon_api | Fetching output for test case 2
[INFO] 2025-12-23 22:21:36,060 polygon_api | Successfully fetched test case 2 - Input length: 8, Output length: 4
[INFO] 2025-12-23 22:21:36,060 polygon_api | Processing test case 3/15 (index: 3)
[DEBUG] 2025-12-23 22:21:36,060 polygon_api | Fetching input for test case 3
[DEBUG] 2025-12-23 22:21:45,174 polygon_api | Fetching output for test case 3
[INFO] 2025-12-23 22:21:54,798 polygon_api | Successfully fetched test case 3 - Input length: 8, Output length: 4
[INFO] 2025-12-23 22:21:54,798 polygon_api | Processing test case 4/15 (index: 4)
[DEBUG] 2025-12-23 22:21:54,799 polygon_api | Fetching input for test case 4
[DEBUG] 2025-12-23 22:22:04,009 polygon_api | Fetching output for test case 4
[INFO] 2025-12-23 22:22:13,333 polygon_api | Successfully fetched test case 4 - Input length: 8, Output length: 4
[INFO] 2025-12-23 22:22:13,333 polygon_api | Processing test case 5/15 (index: 5)
[DEBUG] 2025-12-23 22:22:13,333 polygon_api | Fetching input for test case 5
[DEBUG] 2025-12-23 22:22:22,448 polygon_api | Fetching output for test case 5
[INFO] 2025-12-23 22:22:32,082 polygon_api | Successfully fetched test case 5 - Input length: 8, Output length: 4
[INFO] 2025-12-23 22:22:32,082 polygon_api | Processing test case 6/15 (index: 6)
[DEBUG] 2025-12-23 22:22:32,082 polygon_api | Fetching input for test case 6
[DEBUG] 2025-12-23 22:22:41,903 polygon_api | Fetching output for test case 6
[INFO] 2025-12-23 22:22:50,965 polygon_api | Successfully fetched test case 6 - Input length: 8, Output length: 4
[INFO] 2025-12-23 22:22:50,965 polygon_api | Processing test case 7/15 (index: 7)
[DEBUG] 2025-12-23 22:22:50,965 polygon_api | Fetching input for test case 7
[DEBUG] 2025-12-23 22:23:00,540 polygon_api | Fetching output for test case 7
[INFO] 2025-12-23 22:23:09,859 polygon_api | Successfully fetched test case 7 - Input length: 8, Output length: 4
[INFO] 2025-12-23 22:23:09,859 polygon_api | Processing test case 8/15 (index: 8)
[DEBUG] 2025-12-23 22:23:09,859 polygon_api | Fetching input for test case 8
[DEBUG] 2025-12-23 22:23:19,068 polygon_api | Fetching output for test case 8
[INFO] 2025-12-23 22:23:28,188 polygon_api | Successfully fetched test case 8 - Input length: 9, Output length: 4
[INFO] 2025-12-23 22:23:28,188 polygon_api | Processing test case 9/15 (index: 9)
[DEBUG] 2025-12-23 22:23:28,188 polygon_api | Fetching input for test case 9
[DEBUG] 2025-12-23 22:23:37,404 polygon_api | Fetching output for test case 9
[INFO] 2025-12-23 22:23:47,132 polygon_api | Successfully fetched test case 9 - Input length: 10, Output length: 5
[INFO] 2025-12-23 22:23:47,132 polygon_api | Processing test case 10/15 (index: 10)
[DEBUG] 2025-12-23 22:23:47,132 polygon_api | Fetching input for test case 10
[DEBUG] 2025-12-23 22:23:56,861 polygon_api | Fetching output for test case 10
[INFO] 2025-12-23 22:24:06,588 polygon_api | Successfully fetched test case 10 - Input length: 10, Output length: 5
[INFO] 2025-12-23 22:24:06,588 polygon_api | Processing test case 11/15 (index: 11)
[DEBUG] 2025-12-23 22:24:06,588 polygon_api | Fetching input for test case 11
[DEBUG] 2025-12-23 22:24:15,711 polygon_api | Fetching output for test case 11
[INFO] 2025-12-23 22:24:25,429 polygon_api | Successfully fetched test case 11 - Input length: 8, Output length: 3
[INFO] 2025-12-23 22:24:25,429 polygon_api | Processing test case 12/15 (index: 12)
[DEBUG] 2025-12-23 22:24:25,429 polygon_api | Fetching input for test case 12
[DEBUG] 2025-12-23 22:24:34,441 polygon_api | Fetching output for test case 12
[INFO] 2025-12-23 22:24:44,069 polygon_api | Successfully fetched test case 12 - Input length: 8, Output length: 3
[INFO] 2025-12-23 22:24:44,069 polygon_api | Processing test case 13/15 (index: 13)
[DEBUG] 2025-12-23 22:24:44,069 polygon_api | Fetching input for test case 13
[DEBUG] 2025-12-23 22:24:53,692 polygon_api | Fetching output for test case 13
[INFO] 2025-12-23 22:25:02,933 polygon_api | Successfully fetched test case 13 - Input length: 8, Output length: 3
[INFO] 2025-12-23 22:25:02,933 polygon_api | Processing test case 14/15 (index: 14)
[DEBUG] 2025-12-23 22:25:02,933 polygon_api | Fetching input for test case 14
[DEBUG] 2025-12-23 22:25:12,227 polygon_api | Fetching output for test case 14
[INFO] 2025-12-23 22:25:21,340 polygon_api | Successfully fetched test case 14 - Input length: 8, Output length: 3
[INFO] 2025-12-23 22:25:21,340 polygon_api | Processing test case 15/15 (index: 15)
[DEBUG] 2025-12-23 22:25:21,340 polygon_api | Fetching input for test case 15
[DEBUG] 2025-12-23 22:25:30,964 polygon_api | Fetching output for test case 15
[INFO] 2025-12-23 22:25:40,080 polygon_api | Successfully fetched test case 15 - Input length: 8, Output length: 3
[INFO] 2025-12-23 22:25:40,080 polygon_api | Completed fetching all 15 test cases for problem 497694
[DEBUG] 2025-12-23 22:25:40,080 polygon_api | connecting to redis at address 127.0.0.1:6379 with password: 
[INFO] 2025-12-23 22:25:40,083 polygon_api | Stored 15 test cases in Redis for polygon_id 497694
[DEBUG] 2025-12-23 22:25:49,294 views | checker_type=checker.cpp
[INFO] 2025-12-23 22:25:49,295 polygon_api | Fetching custom checker info for problem 497694
[DEBUG] 2025-12-23 22:25:58,448 polygon_api | Raw checker info: checker.cpp
[INFO] 2025-12-23 22:25:58,448 polygon_api | Custom checker detected: {'name': 'checker.cpp', 'type': 'custom'}
[INFO] 2025-12-23 22:25:58,448 polygon_api | Fetching test cases for 497694, testset
[DEBUG] 2025-12-23 22:26:07,728 views | test_case_count=15
[INFO] 2025-12-23 22:26:07,728 views | Starting DB migration for polygon_id=497694
[INFO] 2025-12-23 22:26:07,730 views | Creating new Problem in DB
[ERROR] 2025-12-23 22:26:07,733 views | Exception in index view: duplicate key value violates unique constraint "problems_problem_slug_key"
DETAIL:  Key (slug)=(multiply-two-nums) already exists.
Traceback (most recent call last):
  File "/home/vaik/Polygon-migration-assignment/Polygon-migration-assignment/venv/lib/python3.12/site-packages/django/db/backends/utils.py", line 105, in _execute
    return self.cursor.execute(sql, params)
           ^^^^^^^^^^^^^^^^^^^^^^^^^^^^^^^^
psycopg2.errors.UniqueViolation: duplicate key value violates unique constraint "problems_problem_slug_key"
DETAIL:  Key (slug)=(multiply-two-nums) already exists.


The above exception was the direct cause of the following exception:

Traceback (most recent call last):
  File "/home/vaik/Polygon-migration-assignment/Polygon-migration-assignment/PolygonMigration/problems/views.py", line 380, in index
    problem_obj = Problem.objects.create(
                  ^^^^^^^^^^^^^^^^^^^^^^^
  File "/home/vaik/Polygon-migration-assignment/Polygon-migration-assignment/venv/lib/python3.12/site-packages/django/db/models/manager.py", line 87, in manager_method
    return getattr(self.get_queryset(), name)(*args, **kwargs)
           ^^^^^^^^^^^^^^^^^^^^^^^^^^^^^^^^^^^^^^^^^^^^^^^^^^^
  File "/home/vaik/Polygon-migration-assignment/Polygon-migration-assignment/venv/lib/python3.12/site-packages/django/db/models/query.py", line 663, in create
    obj.save(force_insert=True, using=self.db)
  File "/home/vaik/Polygon-migration-assignment/Polygon-migration-assignment/venv/lib/python3.12/site-packages/django/db/models/base.py", line 902, in save
    self.save_base(
  File "/home/vaik/Polygon-migration-assignment/Polygon-migration-assignment/venv/lib/python3.12/site-packages/django/db/models/base.py", line 1008, in save_base
    updated = self._save_table(
              ^^^^^^^^^^^^^^^^^
  File "/home/vaik/Polygon-migration-assignment/Polygon-migration-assignment/venv/lib/python3.12/site-packages/django/db/models/base.py", line 1169, in _save_table
    results = self._do_insert(
              ^^^^^^^^^^^^^^^^
  File "/home/vaik/Polygon-migration-assignment/Polygon-migration-assignment/venv/lib/python3.12/site-packages/django/db/models/base.py", line 1210, in _do_insert
    return manager._insert(
           ^^^^^^^^^^^^^^^^
  File "/home/vaik/Polygon-migration-assignment/Polygon-migration-assignment/venv/lib/python3.12/site-packages/django/db/models/manager.py", line 87, in manager_method
    return getattr(self.get_queryset(), name)(*args, **kwargs)
           ^^^^^^^^^^^^^^^^^^^^^^^^^^^^^^^^^^^^^^^^^^^^^^^^^^^
  File "/home/vaik/Polygon-migration-assignment/Polygon-migration-assignment/venv/lib/python3.12/site-packages/django/db/models/query.py", line 1868, in _insert
    return query.get_compiler(using=using).execute_sql(returning_fields)
           ^^^^^^^^^^^^^^^^^^^^^^^^^^^^^^^^^^^^^^^^^^^^^^^^^^^^^^^^^^^^^
  File "/home/vaik/Polygon-migration-assignment/Polygon-migration-assignment/venv/lib/python3.12/site-packages/django/db/models/sql/compiler.py", line 1882, in execute_sql
    cursor.execute(sql, params)
  File "/home/vaik/Polygon-migration-assignment/Polygon-migration-assignment/venv/lib/python3.12/site-packages/django/db/backends/utils.py", line 122, in execute
    return super().execute(sql, params)
           ^^^^^^^^^^^^^^^^^^^^^^^^^^^^
  File "/home/vaik/Polygon-migration-assignment/Polygon-migration-assignment/venv/lib/python3.12/site-packages/django/db/backends/utils.py", line 79, in execute
    return self._execute_with_wrappers(
           ^^^^^^^^^^^^^^^^^^^^^^^^^^^^
  File "/home/vaik/Polygon-migration-assignment/Polygon-migration-assignment/venv/lib/python3.12/site-packages/django/db/backends/utils.py", line 92, in _execute_with_wrappers
    return executor(sql, params, many, context)
           ^^^^^^^^^^^^^^^^^^^^^^^^^^^^^^^^^^^^
  File "/home/vaik/Polygon-migration-assignment/Polygon-migration-assignment/venv/lib/python3.12/site-packages/django/db/backends/utils.py", line 100, in _execute
    with self.db.wrap_database_errors:
  File "/home/vaik/Polygon-migration-assignment/Polygon-migration-assignment/venv/lib/python3.12/site-packages/django/db/utils.py", line 91, in __exit__
    raise dj_exc_value.with_traceback(traceback) from exc_value
  File "/home/vaik/Polygon-migration-assignment/Polygon-migration-assignment/venv/lib/python3.12/site-packages/django/db/backends/utils.py", line 105, in _execute
    return self.cursor.execute(sql, params)
           ^^^^^^^^^^^^^^^^^^^^^^^^^^^^^^^^
django.db.utils.IntegrityError: duplicate key value violates unique constraint "problems_problem_slug_key"
DETAIL:  Key (slug)=(multiply-two-nums) already exists.

